scene_id,cup_id,x,y,touch_count,moved_recently,distance_to_tray,hand_distance,last_touched_time,user_present,user_absent_time,label
521,2,0.336,-0.052,2,1,0.361,0.361,5.06,1,0.0,ASK
737,2,0.339,0.062,1,0,0.267,0.551,9.36,0,14.24,CLEANUP_CANDIDATE
740,1,0.432,0.142,4,0,0.452,0.178,38.36,1,14.36,CLEANUP_CANDIDATE
660,0,0.41,-0.17,3,1,0.568,0.187,3.05,1,0.0,ASK
411,1,0.273,0.047,2,1,0.27,0.175,3.14,1,0.0,ASK
678,2,0.442,-0.071,3,0,0.448,0.42,60.0,0,0.0,CLEANUP_CANDIDATE
626,1,0.306,-0.058,0,1,0.358,0.306,19.63,1,0.0,ASK
513,0,0.466,0.1,3,0,0.395,0.343,13.16,1,0.0,ASK
859,0,0.413,0.076,3,1,0.466,0.426,50.29,1,0.0,CLEANUP_CANDIDATE
136,2,0.426,0.13,3,0,0.426,0.044,1.86,1,0.0,WAIT
811,2,0.548,-0.031,3,1,0.17,0.263,79.47,1,11.07,CLEANUP_CANDIDATE
76,1,0.546,-0.163,1,1,0.398,0.095,2.48,1,0.0,WAIT
636,1,0.228,0.117,4,0,0.513,0.219,8.67,1,0.0,ASK
973,0,0.285,-0.151,3,1,0.405,0.573,39.96,0,0.0,CLEANUP_CANDIDATE
938,1,0.562,0.083,0,1,0.429,0.321,11.35,0,17.25,CLEANUP_CANDIDATE
899,0,0.261,-0.039,3,0,0.439,0.363,84.09,0,22.95,CLEANUP_CANDIDATE
280,1,0.212,0.023,4,1,0.225,0.036,2.46,1,0.0,WAIT
883,0,0.536,-0.02,1,1,0.447,0.371,47.7,0,0.0,CLEANUP_CANDIDATE
761,0,0.54,0.084,2,1,0.275,0.461,12.1,0,22.81,CLEANUP_CANDIDATE
319,0,0.456,-0.117,0,1,0.117,0.066,1.23,1,0.0,WAIT
549,2,0.414,-0.012,1,0,0.255,0.239,18.65,1,0.0,ASK
174,2,0.219,0.192,1,1,0.404,0.058,1.46,1,0.0,WAIT
371,2,0.255,-0.169,0,0,0.346,0.352,1.67,1,0.0,ASK
527,1,0.248,0.111,2,1,0.523,0.345,2.75,1,0.0,ASK
210,2,0.537,-0.007,3,0,0.491,0.015,3.52,1,0.0,WAIT
235,1,0.569,0.006,4,1,0.193,0.031,5.68,1,0.0,WAIT
101,1,0.493,0.172,2,1,0.342,0.073,2.31,1,0.0,WAIT
986,2,0.439,-0.116,4,0,0.333,0.382,11.28,0,18.74,CLEANUP_CANDIDATE
902,1,0.373,-0.093,1,0,0.202,0.405,37.0,1,0.0,CLEANUP_CANDIDATE
947,0,0.386,-0.056,3,0,0.108,0.633,89.64,1,6.42,CLEANUP_CANDIDATE
346,0,0.305,0.005,2,0,0.477,0.266,3.38,1,0.0,ASK
139,0,0.378,0.146,2,1,0.111,0.059,3.7,1,0.0,WAIT
621,2,0.302,-0.032,4,1,0.514,0.166,6.88,1,0.0,ASK
499,2,0.295,-0.112,2,1,0.355,0.334,4.36,1,0.0,ASK
370,0,0.582,-0.067,2,1,0.166,0.153,5.97,1,0.0,ASK
198,1,0.254,0.051,1,1,0.144,0.082,4.71,1,0.0,WAIT
687,1,0.416,0.139,3,0,0.119,0.435,72.39,0,0.0,CLEANUP_CANDIDATE
584,0,0.471,0.148,1,1,0.135,0.171,4.24,1,0.0,ASK
901,2,0.27,-0.186,1,0,0.541,0.558,17.89,0,22.34,CLEANUP_CANDIDATE
59,2,0.467,-0.008,3,0,0.266,0.054,2.0,1,0.0,WAIT
328,1,0.392,-0.024,1,0,0.199,0.033,0.1,1,0.0,WAIT
96,1,0.574,-0.017,3,0,0.585,0.035,0.18,1,0.0,WAIT
312,1,0.497,-0.079,2,0,0.475,0.025,3.44,1,0.0,WAIT
974,1,0.347,0.174,3,0,0.579,0.283,76.59,0,20.31,CLEANUP_CANDIDATE
299,0,0.391,0.017,2,1,0.394,0.104,5.17,1,0.0,WAIT
277,2,0.421,-0.099,3,0,0.29,0.094,0.03,1,0.0,WAIT
924,0,0.575,0.011,1,0,0.531,0.518,12.98,0,18.34,CLEANUP_CANDIDATE
601,1,0.292,-0.015,0,1,0.517,0.155,7.03,1,0.0,ASK
439,0,0.456,-0.175,3,1,0.311,0.217,6.97,1,0.0,ASK
837,2,0.274,0.189,0,1,0.138,0.176,48.64,1,10.7,CLEANUP_CANDIDATE
570,0,0.58,0.088,0,0,0.46,0.222,28.24,1,0.0,ASK
879,1,0.345,0.039,1,1,0.193,0.591,52.77,0,0.0,CLEANUP_CANDIDATE
261,0,0.414,-0.06,1,0,0.335,0.039,3.21,1,0.0,WAIT
578,1,0.436,-0.01,2,1,0.378,0.422,6.87,1,0.0,ASK
23,0,0.255,0.071,4,0,0.444,0.051,3.99,1,0.0,WAIT
30,1,0.579,-0.053,1,0,0.327,0.109,5.28,1,0.0,WAIT
617,0,0.312,-0.136,1,1,0.552,0.321,21.99,1,0.0,ASK
10,0,0.592,-0.147,2,0,0.42,0.041,3.49,1,0.0,WAIT
221,2,0.275,0.141,4,1,0.337,0.108,2.39,1,0.0,WAIT
820,2,0.456,-0.181,3,1,0.441,0.595,1.05,0,12.1,CLEANUP_CANDIDATE
296,2,0.29,-0.127,3,1,0.198,0.061,2.49,1,0.0,WAIT
54,2,0.518,-0.162,4,0,0.467,0.095,0.41,1,0.0,WAIT
542,0,0.406,-0.175,0,1,0.452,0.475,10.03,1,0.0,ASK
209,2,0.274,0.172,0,0,0.539,0.035,0.3,1,0.0,WAIT
604,2,0.348,0.136,3,0,0.302,0.211,2.92,1,0.0,ASK
692,1,0.347,-0.0,4,0,0.419,0.288,19.4,0,17.78,CLEANUP_CANDIDATE
662,0,0.28,-0.15,1,0,0.379,0.299,8.03,1,0.0,ASK
866,0,0.372,-0.048,0,0,0.399,0.312,61.83,1,0.0,CLEANUP_CANDIDATE
70,0,0.345,0.093,3,0,0.29,0.105,1.54,1,0.0,WAIT
543,1,0.365,0.192,2,1,0.309,0.392,6.95,1,0.0,ASK
107,1,0.584,0.121,0,0,0.352,0.049,4.16,1,0.0,WAIT
493,2,0.548,-0.113,3,1,0.495,0.201,6.1,1,0.0,ASK
590,1,0.29,0.079,2,1,0.539,0.187,18.06,1,0.0,ASK
741,1,0.354,0.068,0,1,0.466,0.25,1.02,0,14.16,CLEANUP_CANDIDATE
292,2,0.433,-0.025,2,0,0.427,0.021,2.42,1,0.0,WAIT
289,0,0.247,0.009,3,1,0.481,0.034,0.72,1,0.0,WAIT
652,1,0.581,0.082,2,0,0.267,0.313,28.93,1,0.0,ASK
39,1,0.294,0.039,3,0,0.525,0.061,0.11,1,0.0,WAIT
589,0,0.25,0.102,4,1,0.432,0.24,1.08,1,0.0,ASK
307,1,0.556,0.061,2,0,0.505,0.083,5.57,1,0.0,WAIT
679,2,0.305,-0.055,3,1,0.305,0.531,17.05,0,24.99,CLEANUP_CANDIDATE
66,1,0.353,0.031,1,1,0.469,0.038,2.2,1,0.0,WAIT
275,1,0.254,-0.04,2,1,0.599,0.088,4.77,1,0.0,WAIT
67,0,0.27,-0.072,4,0,0.25,0.013,1.27,1,0.0,WAIT
318,2,0.284,-0.178,2,1,0.202,0.018,4.84,1,0.0,WAIT
548,1,0.58,-0.127,2,1,0.112,0.321,18.71,1,0.0,ASK
998,0,0.354,-0.034,0,0,0.317,0.489,8.2,0,24.69,CLEANUP_CANDIDATE
714,0,0.436,0.005,4,1,0.163,0.604,72.67,0,21.32,CLEANUP_CANDIDATE
753,0,0.303,-0.056,3,0,0.349,0.456,65.57,1,0.0,CLEANUP_CANDIDATE
327,2,0.312,0.188,1,0,0.197,0.106,3.93,1,0.0,WAIT
382,1,0.441,0.142,0,1,0.341,0.346,6.34,1,0.0,ASK
451,1,0.229,0.025,4,1,0.176,0.287,0.24,1,0.0,ASK
522,1,0.564,-0.187,3,0,0.261,0.32,24.32,1,0.0,ASK
218,2,0.366,-0.156,4,0,0.56,0.105,1.26,1,0.0,WAIT
787,2,0.328,-0.16,1,1,0.444,0.485,22.96,0,12.7,CLEANUP_CANDIDATE
436,2,0.44,-0.06,3,1,0.155,0.221,6.26,1,0.0,ASK
764,0,0.314,0.058,3,0,0.586,0.411,19.25,0,21.68,CLEANUP_CANDIDATE
88,0,0.338,-0.012,4,0,0.528,0.082,3.37,1,0.0,WAIT
63,1,0.466,-0.124,4,0,0.156,0.104,4.36,1,0.0,WAIT
826,2,0.513,0.092,4,1,0.453,0.664,18.8,0,22.81,CLEANUP_CANDIDATE
716,2,0.584,0.068,1,0,0.157,0.284,14.61,0,15.86,CLEANUP_CANDIDATE
351,0,0.561,-0.043,0,1,0.248,0.286,12.72,1,0.0,ASK
936,2,0.596,-0.022,2,0,0.357,0.209,7.24,0,15.52,CLEANUP_CANDIDATE
256,2,0.348,0.156,4,1,0.199,0.106,0.03,1,0.0,WAIT
635,2,0.355,-0.038,0,1,0.519,0.376,6.76,1,0.0,ASK
644,2,0.511,0.045,1,1,0.204,0.397,8.88,1,0.0,ASK
554,1,0.219,0.197,3,1,0.126,0.439,5.99,1,0.0,ASK
959,0,0.396,0.087,3,0,0.347,0.176,62.21,0,17.26,CLEANUP_CANDIDATE
168,1,0.502,0.044,0,0,0.511,0.099,3.44,1,0.0,WAIT
917,1,0.472,0.003,0,1,0.218,0.152,43.85,0,0.0,CLEANUP_CANDIDATE
528,0,0.523,-0.09,0,0,0.231,0.434,3.66,1,0.0,ASK
823,2,0.293,-0.01,0,0,0.325,0.693,34.63,1,17.97,CLEANUP_CANDIDATE
985,1,0.382,-0.195,1,0,0.15,0.504,49.22,1,0.0,CLEANUP_CANDIDATE
816,2,0.397,0.131,4,1,0.597,0.241,44.15,0,0.0,CLEANUP_CANDIDATE
86,0,0.427,0.179,3,1,0.288,0.041,0.68,1,0.0,WAIT
432,0,0.306,0.029,2,0,0.278,0.355,4.89,1,0.0,ASK
184,0,0.333,0.096,3,0,0.372,0.042,0.55,1,0.0,WAIT
978,1,0.57,0.061,3,1,0.327,0.56,33.38,1,24.79,CLEANUP_CANDIDATE
534,1,0.38,-0.134,4,1,0.134,0.166,24.22,1,0.0,ASK
294,0,0.214,0.136,2,1,0.367,0.083,5.07,1,0.0,WAIT
892,2,0.301,-0.043,1,0,0.33,0.499,30.65,0,20.62,CLEANUP_CANDIDATE
425,0,0.247,-0.057,1,0,0.502,0.274,2.33,1,0.0,ASK
713,2,0.259,-0.113,1,1,0.321,0.288,89.35,1,0.0,CLEANUP_CANDIDATE
260,1,0.482,-0.132,0,1,0.28,0.064,0.9,1,0.0,WAIT
237,0,0.493,0.157,1,0,0.597,0.072,0.39,1,0.0,WAIT
559,0,0.436,-0.166,1,0,0.393,0.37,5.79,1,0.0,ASK
583,1,0.475,-0.093,1,0,0.214,0.276,1.37,1,0.0,ASK
445,2,0.487,-0.164,3,1,0.438,0.18,4.16,1,0.0,ASK
867,0,0.587,0.055,0,0,0.58,0.191,54.29,1,0.0,CLEANUP_CANDIDATE
800,0,0.337,-0.107,3,1,0.361,0.406,61.56,1,23.85,CLEANUP_CANDIDATE
599,1,0.4,0.154,4,0,0.19,0.428,16.0,1,0.0,ASK
849,1,0.423,-0.17,0,1,0.264,0.355,0.79,0,21.09,CLEANUP_CANDIDATE
265,0,0.571,0.127,4,0,0.394,0.024,0.4,1,0.0,WAIT
995,0,0.476,0.085,3,1,0.29,0.639,8.75,0,15.95,CLEANUP_CANDIDATE
529,1,0.292,0.046,2,1,0.16,0.164,7.78,1,0.0,ASK
55,0,0.581,-0.127,4,1,0.246,0.053,2.93,1,0.0,WAIT
120,0,0.591,0.071,0,1,0.11,0.01,5.4,1,0.0,WAIT
215,2,0.362,0.096,3,0,0.307,0.089,2.56,1,0.0,WAIT
25,1,0.431,-0.08,2,1,0.333,0.106,5.08,1,0.0,WAIT
72,1,0.335,-0.148,1,0,0.207,0.072,3.95,1,0.0,WAIT
44,2,0.426,-0.127,0,1,0.283,0.104,3.0,1,0.0,WAIT
247,1,0.556,0.169,3,1,0.359,0.104,3.95,1,0.0,WAIT
721,1,0.231,-0.093,4,1,0.566,0.395,54.6,1,0.0,CLEANUP_CANDIDATE
281,0,0.494,0.109,1,1,0.562,0.079,3.66,1,0.0,WAIT
893,1,0.393,0.007,4,1,0.314,0.684,57.44,1,0.0,CLEANUP_CANDIDATE
914,0,0.476,0.148,4,1,0.292,0.37,15.55,0,23.21,CLEANUP_CANDIDATE
810,1,0.522,-0.164,1,1,0.586,0.29,6.87,0,24.87,CLEANUP_CANDIDATE
244,0,0.396,0.196,3,1,0.369,0.018,5.31,1,0.0,WAIT
822,1,0.265,-0.177,0,1,0.478,0.267,44.29,1,18.15,CLEANUP_CANDIDATE
321,2,0.364,0.049,4,1,0.561,0.028,3.91,1,0.0,WAIT
643,1,0.351,0.128,0,1,0.44,0.337,1.4,1,0.0,ASK
158,1,0.27,-0.148,3,0,0.25,0.071,4.76,1,0.0,WAIT
977,1,0.595,0.037,0,0,0.198,0.367,88.86,1,1.9,CLEANUP_CANDIDATE
429,2,0.473,-0.031,0,0,0.523,0.344,8.52,1,0.0,ASK
941,1,0.439,0.068,1,1,0.192,0.698,6.68,0,16.1,CLEANUP_CANDIDATE
462,2,0.264,-0.071,4,0,0.486,0.38,6.96,1,0.0,ASK
309,2,0.445,-0.193,2,0,0.231,0.104,1.95,1,0.0,WAIT
697,2,0.595,-0.198,3,0,0.418,0.232,10.36,0,13.29,CLEANUP_CANDIDATE
60,2,0.538,-0.048,4,1,0.431,0.056,0.46,1,0.0,WAIT
884,1,0.564,0.008,3,1,0.412,0.573,54.69,1,0.0,CLEANUP_CANDIDATE
595,1,0.593,0.05,4,0,0.452,0.225,11.81,1,0.0,ASK
767,2,0.32,-0.16,0,1,0.314,0.281,35.47,0,0.0,CLEANUP_CANDIDATE
649,2,0.424,-0.053,2,1,0.493,0.246,2.5,1,0.0,ASK
650,0,0.225,-0.026,4,1,0.165,0.446,5.85,1,0.0,ASK
865,1,0.559,-0.033,1,1,0.582,0.343,10.82,0,11.95,CLEANUP_CANDIDATE
668,2,0.411,0.06,2,0,0.318,0.211,19.84,0,12.0,CLEANUP_CANDIDATE
298,2,0.54,-0.086,4,1,0.448,0.098,0.82,1,0.0,WAIT
689,2,0.265,0.14,3,1,0.29,0.632,17.51,0,20.08,CLEANUP_CANDIDATE
314,0,0.501,-0.086,0,1,0.224,0.03,4.97,1,0.0,WAIT
310,2,0.446,0.034,2,0,0.315,0.08,3.08,1,0.0,WAIT
361,1,0.419,0.178,1,0,0.429,0.158,8.42,1,0.0,ASK
479,2,0.34,0.057,4,0,0.146,0.302,2.23,1,0.0,ASK
110,0,0.335,0.055,3,0,0.234,0.076,0.55,1,0.0,WAIT
989,0,0.56,-0.033,0,0,0.101,0.185,45.61,0,0.0,CLEANUP_CANDIDATE
486,2,0.582,-0.168,2,1,0.53,0.539,10.28,1,0.0,ASK
363,2,0.308,0.086,4,1,0.335,0.537,18.24,1,0.0,ASK
254,1,0.245,0.117,2,1,0.147,0.054,2.84,1,0.0,WAIT
259,1,0.244,-0.083,3,0,0.394,0.037,0.76,1,0.0,WAIT
802,0,0.222,-0.196,1,1,0.282,0.194,69.2,1,20.03,CLEANUP_CANDIDATE
677,0,0.301,-0.074,1,1,0.141,0.562,32.23,1,9.35,CLEANUP_CANDIDATE
494,1,0.449,-0.046,0,0,0.392,0.243,11.79,1,0.0,ASK
670,2,0.566,0.155,3,0,0.561,0.418,43.62,0,18.09,CLEANUP_CANDIDATE
377,2,0.32,-0.135,3,0,0.298,0.399,0.2,1,0.0,ASK
526,0,0.53,0.187,2,1,0.22,0.339,3.93,1,0.0,ASK
845,1,0.599,0.081,3,1,0.244,0.206,52.07,0,8.11,CLEANUP_CANDIDATE
137,1,0.535,0.174,3,0,0.194,0.095,3.06,1,0.0,WAIT
355,0,0.395,-0.192,0,0,0.539,0.368,0.21,1,0.0,ASK
365,1,0.423,-0.051,2,0,0.242,0.254,1.93,1,0.0,ASK
942,2,0.38,-0.194,3,1,0.112,0.452,34.42,1,0.0,CLEANUP_CANDIDATE
749,2,0.539,0.097,2,1,0.253,0.335,14.11,0,18.3,CLEANUP_CANDIDATE
948,1,0.263,-0.118,0,1,0.431,0.262,4.33,0,12.19,CLEANUP_CANDIDATE
829,2,0.459,-0.032,4,1,0.469,0.371,87.32,1,15.53,CLEANUP_CANDIDATE
656,1,0.592,0.153,3,1,0.556,0.149,29.11,1,0.0,ASK
199,0,0.511,0.194,4,1,0.516,0.089,5.85,1,0.0,WAIT
213,0,0.2,-0.139,4,1,0.358,0.106,2.32,1,0.0,WAIT
408,1,0.414,-0.075,2,1,0.318,0.183,24.58,1,0.0,ASK
332,2,0.324,0.144,3,0,0.589,0.109,2.7,1,0.0,WAIT
208,2,0.42,-0.044,3,0,0.5,0.078,4.84,1,0.0,WAIT
613,1,0.531,0.096,2,1,0.461,0.163,2.93,1,0.0,ASK
78,1,0.396,0.171,0,1,0.583,0.036,2.18,1,0.0,WAIT
29,2,0.578,-0.094,4,1,0.104,0.095,2.4,1,0.0,WAIT
535,1,0.238,0.141,0,0,0.135,0.364,7.84,1,0.0,ASK
695,1,0.455,0.089,2,1,0.159,0.425,41.21,1,0.0,CLEANUP_CANDIDATE
557,2,0.594,0.07,2,0,0.245,0.337,25.33,1,0.0,ASK
836,1,0.332,0.03,0,0,0.513,0.634,61.93,1,0.0,CLEANUP_CANDIDATE
596,1,0.415,0.12,4,1,0.126,0.334,3.54,1,0.0,ASK
165,1,0.444,0.161,2,1,0.108,0.108,0.67,1,0.0,WAIT
918,2,0.476,0.195,0,0,0.485,0.676,20.17,0,22.38,CLEANUP_CANDIDATE
495,0,0.537,0.095,1,1,0.373,0.155,23.28,1,0.0,ASK
824,0,0.522,0.044,1,0,0.36,0.376,80.07,0,11.62,CLEANUP_CANDIDATE
65,2,0.542,0.105,0,0,0.235,0.041,4.5,1,0.0,WAIT
141,1,0.522,-0.032,0,0,0.118,0.092,2.64,1,0.0,WAIT
925,2,0.41,0.199,2,1,0.49,0.264,30.53,1,7.55,CLEANUP_CANDIDATE
827,1,0.54,0.167,3,1,0.491,0.549,82.45,0,0.0,CLEANUP_CANDIDATE
655,0,0.282,-0.121,0,0,0.19,0.325,26.36,1,0.0,ASK
331,2,0.394,0.197,2,0,0.315,0.077,0.82,1,0.0,WAIT
664,1,0.502,0.192,3,1,0.457,0.336,3.7,1,0.0,ASK
249,1,0.457,-0.096,2,0,0.594,0.021,2.87,1,0.0,WAIT
907,2,0.506,0.098,1,1,0.394,0.588,74.05,1,1.3,CLEANUP_CANDIDATE
708,1,0.453,-0.199,2,0,0.59,0.154,48.46,1,0.0,CLEANUP_CANDIDATE
305,1,0.379,-0.078,4,1,0.294,0.101,3.56,1,0.0,WAIT
734,0,0.294,0.083,1,1,0.192,0.365,50.16,0,0.0,CLEANUP_CANDIDATE
975,2,0.574,0.069,2,1,0.547,0.617,55.4,0,11.52,CLEANUP_CANDIDATE
49,2,0.335,0.004,2,1,0.43,0.059,0.29,1,0.0,WAIT
896,1,0.271,-0.071,2,0,0.133,0.413,83.71,0,11.75,CLEANUP_CANDIDATE
2,1,0.378,-0.167,0,0,0.407,0.056,3.53,1,0.0,WAIT
544,0,0.499,0.079,3,1,0.284,0.405,8.17,1,0.0,ASK
350,0,0.546,-0.063,2,0,0.353,0.495,28.39,1,0.0,ASK
904,0,0.502,0.128,4,0,0.568,0.507,64.67,0,20.3,CLEANUP_CANDIDATE
536,0,0.444,0.092,4,1,0.349,0.314,5.26,1,0.0,ASK
344,2,0.231,-0.093,2,1,0.59,0.324,18.17,1,0.0,ASK
994,1,0.214,-0.155,1,0,0.142,0.611,11.95,0,24.22,CLEANUP_CANDIDATE
481,0,0.552,-0.097,1,1,0.335,0.264,19.8,1,0.0,ASK
575,0,0.413,0.11,4,1,0.468,0.223,3.93,1,0.0,ASK
33,1,0.413,-0.017,0,0,0.33,0.01,1.47,1,0.0,WAIT
31,1,0.219,0.19,4,1,0.186,0.087,5.46,1,0.0,WAIT
231,2,0.225,-0.148,0,1,0.527,0.058,5.82,1,0.0,WAIT
963,0,0.388,0.059,3,0,0.308,0.457,36.74,1,7.4,CLEANUP_CANDIDATE
192,0,0.308,-0.037,1,1,0.173,0.065,0.38,1,0.0,WAIT
333,1,0.566,0.088,1,0,0.6,0.146,8.94,1,0.0,ASK
3,0,0.417,0.189,0,0,0.111,0.025,2.72,1,0.0,WAIT
204,2,0.404,-0.197,2,0,0.556,0.059,3.32,1,0.0,WAIT
514,1,0.582,-0.197,0,0,0.551,0.265,5.01,1,0.0,ASK
799,2,0.428,-0.091,0,1,0.489,0.506,3.99,0,21.96,CLEANUP_CANDIDATE
306,2,0.381,-0.146,3,1,0.426,0.061,1.31,1,0.0,WAIT
109,1,0.291,-0.19,0,0,0.318,0.05,0.2,1,0.0,WAIT
430,2,0.56,-0.127,4,1,0.553,0.239,8.45,1,0.0,ASK
77,1,0.586,-0.173,2,0,0.436,0.013,4.82,1,0.0,WAIT
84,0,0.391,-0.153,4,0,0.487,0.074,0.75,1,0.0,WAIT
286,2,0.595,-0.111,1,1,0.521,0.046,5.69,1,0.0,WAIT
82,2,0.562,-0.124,3,0,0.497,0.022,4.09,1,0.0,WAIT
991,0,0.405,-0.159,4,0,0.509,0.256,11.03,0,17.1,CLEANUP_CANDIDATE
789,1,0.282,0.054,3,0,0.126,0.591,34.5,0,0.0,CLEANUP_CANDIDATE
894,2,0.243,0.166,2,0,0.46,0.223,75.55,0,20.68,CLEANUP_CANDIDATE
398,2,0.286,0.045,4,0,0.497,0.241,27.37,1,0.0,ASK
323,1,0.397,-0.163,0,0,0.508,0.07,0.18,1,0.0,WAIT
519,1,0.297,-0.092,1,1,0.444,0.48,23.29,1,0.0,ASK
916,1,0.535,-0.153,1,1,0.421,0.558,12.73,0,13.61,CLEANUP_CANDIDATE
922,1,0.55,-0.085,3,0,0.143,0.505,88.16,0,14.7,CLEANUP_CANDIDATE
5,0,0.413,0.086,3,0,0.582,0.065,0.45,1,0.0,WAIT
731,2,0.241,-0.183,0,1,0.295,0.695,21.34,0,17.51,CLEANUP_CANDIDATE
465,1,0.232,-0.005,1,1,0.582,0.369,4.24,1,0.0,ASK
97,1,0.544,0.169,0,1,0.214,0.038,3.32,1,0.0,WAIT
266,1,0.213,-0.023,3,0,0.35,0.07,1.24,1,0.0,WAIT
357,1,0.562,0.177,4,0,0.343,0.183,14.03,1,0.0,ASK
868,1,0.361,0.035,3,0,0.323,0.427,59.73,0,19.17,CLEANUP_CANDIDATE
798,0,0.397,-0.038,0,1,0.225,0.457,16.68,0,20.54,CLEANUP_CANDIDATE
380,2,0.53,-0.177,1,1,0.414,0.404,8.5,1,0.0,ASK
631,2,0.583,0.137,1,0,0.344,0.252,22.81,1,0.0,ASK
381,0,0.351,-0.186,1,1,0.2,0.373,8.17,1,0.0,ASK
490,2,0.58,-0.154,1,1,0.178,0.276,11.67,1,0.0,ASK
118,2,0.288,0.026,4,0,0.395,0.053,4.63,1,0.0,WAIT
900,2,0.539,-0.103,1,0,0.143,0.581,7.84,0,10.86,CLEANUP_CANDIDATE
250,1,0.369,0.018,4,0,0.328,0.052,4.61,1,0.0,WAIT
523,2,0.505,-0.149,2,0,0.125,0.195,25.92,1,0.0,ASK
9,1,0.543,0.125,3,0,0.424,0.066,3.51,1,0.0,WAIT
196,2,0.219,0.149,1,0,0.506,0.099,2.28,1,0.0,WAIT
603,0,0.535,0.165,3,0,0.166,0.294,5.8,1,0.0,ASK
81,0,0.393,-0.044,2,1,0.356,0.088,5.25,1,0.0,WAIT
783,1,0.598,-0.142,2,0,0.415,0.662,33.56,1,0.81,CLEANUP_CANDIDATE
587,2,0.554,-0.12,4,1,0.551,0.366,0.49,1,0.0,ASK
797,1,0.345,0.144,1,0,0.168,0.393,82.12,1,0.0,CLEANUP_CANDIDATE
239,0,0.269,-0.126,4,0,0.378,0.024,2.93,1,0.0,WAIT
290,2,0.226,0.163,2,1,0.531,0.032,4.66,1,0.0,WAIT
211,1,0.518,0.173,4,1,0.336,0.045,3.07,1,0.0,WAIT
717,0,0.265,0.193,2,1,0.412,0.417,75.47,0,2.21,CLEANUP_CANDIDATE
359,2,0.448,-0.191,2,0,0.475,0.349,8.37,1,0.0,ASK
449,0,0.47,0.103,2,1,0.167,0.18,3.71,1,0.0,ASK
227,2,0.431,-0.118,4,0,0.17,0.098,2.36,1,0.0,WAIT
950,0,0.452,0.068,4,0,0.461,0.693,1.88,0,19.27,CLEANUP_CANDIDATE
946,0,0.274,-0.173,3,1,0.469,0.466,6.78,0,17.89,CLEANUP_CANDIDATE
796,0,0.411,0.174,0,0,0.198,0.598,38.65,0,0.0,CLEANUP_CANDIDATE
501,0,0.427,-0.109,0,1,0.116,0.368,18.13,1,0.0,ASK
464,1,0.311,0.068,3,1,0.101,0.347,6.49,1,0.0,ASK
362,0,0.569,0.168,0,1,0.421,0.39,21.6,1,0.0,ASK
468,2,0.541,-0.198,4,1,0.217,0.402,2.41,1,0.0,ASK
935,2,0.26,-0.135,1,1,0.271,0.28,51.69,1,0.0,CLEANUP_CANDIDATE
428,0,0.364,0.013,2,1,0.305,0.259,1.7,1,0.0,ASK
7,1,0.574,0.08,4,1,0.445,0.026,2.55,1,0.0,WAIT
155,1,0.443,-0.106,4,1,0.16,0.084,5.1,1,0.0,WAIT
541,1,0.31,-0.138,2,0,0.472,0.505,24.31,1,0.0,ASK
440,0,0.32,0.049,0,0,0.2,0.345,14.34,1,0.0,ASK
482,1,0.525,-0.106,2,1,0.519,0.334,2.33,1,0.0,ASK
422,0,0.271,-0.08,2,0,0.49,0.217,9.03,1,0.0,ASK
778,0,0.513,0.046,2,0,0.384,0.469,16.16,0,21.62,CLEANUP_CANDIDATE
949,0,0.231,-0.072,2,0,0.242,0.207,80.39,1,0.0,CLEANUP_CANDIDATE
334,0,0.301,-0.191,3,1,0.346,0.157,23.77,1,0.0,ASK
576,0,0.57,-0.136,0,0,0.18,0.291,8.96,1,0.0,ASK
934,2,0.533,-0.086,0,0,0.535,0.552,36.55,0,17.83,CLEANUP_CANDIDATE
567,0,0.528,-0.146,4,0,0.186,0.437,10.11,1,0.0,ASK
594,1,0.256,0.18,3,1,0.174,0.354,2.87,1,0.0,ASK
530,2,0.374,-0.18,4,1,0.549,0.395,3.33,1,0.0,ASK
581,1,0.443,0.015,4,0,0.13,0.325,2.83,1,0.0,ASK
707,0,0.37,0.119,0,1,0.456,0.34,6.51,0,18.63,CLEANUP_CANDIDATE
448,1,0.21,-0.162,1,0,0.415,0.422,13.82,1,0.0,ASK
453,2,0.477,0.012,3,0,0.222,0.333,4.79,1,0.0,ASK
228,2,0.296,-0.062,2,0,0.431,0.088,3.71,1,0.0,WAIT
352,1,0.514,0.069,1,1,0.594,0.151,11.87,1,0.0,ASK
728,1,0.411,-0.084,0,1,0.539,0.224,47.95,0,0.0,CLEANUP_CANDIDATE
212,1,0.459,0.06,2,0,0.162,0.087,3.57,1,0.0,WAIT
79,0,0.544,-0.14,0,1,0.453,0.086,2.8,1,0.0,WAIT
148,0,0.497,0.063,2,0,0.55,0.078,5.57,1,0.0,WAIT
302,0,0.546,-0.173,4,1,0.562,0.013,2.49,1,0.0,WAIT
628,1,0.505,-0.095,1,1,0.301,0.227,7.54,1,0.0,ASK
777,0,0.435,-0.158,2,1,0.326,0.225,24.18,0,19.54,CLEANUP_CANDIDATE
506,2,0.201,0.118,2,1,0.105,0.311,4.62,1,0.0,ASK
342,2,0.592,0.071,4,1,0.255,0.404,13.47,1,0.0,ASK
485,0,0.59,0.1,4,0,0.598,0.271,0.24,1,0.0,ASK
711,2,0.277,-0.108,4,0,0.445,0.28,86.09,0,23.14,CLEANUP_CANDIDATE
133,2,0.426,-0.008,2,1,0.58,0.029,0.6,1,0.0,WAIT
703,1,0.509,-0.077,4,0,0.433,0.387,76.87,1,16.24,CLEANUP_CANDIDATE
311,0,0.446,-0.053,1,1,0.254,0.062,2.0,1,0.0,WAIT
722,2,0.289,0.039,1,1,0.262,0.479,6.58,0,11.31,CLEANUP_CANDIDATE
629,1,0.365,0.125,0,1,0.515,0.139,2.73,1,0.0,ASK
0,2,0.416,-0.064,2,1,0.332,0.034,1.9,1,0.0,WAIT
316,2,0.226,-0.021,2,0,0.563,0.102,1.96,1,0.0,WAIT
706,2,0.286,0.097,0,1,0.381,0.585,56.41,1,14.18,CLEANUP_CANDIDATE
547,2,0.377,0.131,3,1,0.301,0.401,12.08,1,0.0,ASK
872,0,0.414,0.147,0,1,0.462,0.33,23.49,0,12.95,CLEANUP_CANDIDATE
532,1,0.584,0.191,2,1,0.204,0.239,1.08,1,0.0,ASK
477,0,0.269,-0.098,2,1,0.475,0.139,11.76,1,0.0,ASK
404,2,0.466,-0.163,1,0,0.158,0.289,8.2,1,0.0,ASK
172,0,0.429,-0.166,2,0,0.433,0.065,1.96,1,0.0,WAIT
125,0,0.455,0.19,0,1,0.12,0.049,3.08,1,0.0,WAIT
394,0,0.579,-0.164,3,1,0.491,0.36,4.12,1,0.0,ASK
420,2,0.515,0.057,4,0,0.256,0.366,28.31,1,0.0,ASK
552,0,0.371,-0.194,0,1,0.569,0.443,9.0,1,0.0,ASK
903,1,0.529,-0.093,3,0,0.545,0.685,4.05,0,23.04,CLEANUP_CANDIDATE
90,0,0.24,-0.144,1,1,0.448,0.087,1.87,1,0.0,WAIT
939,1,0.219,-0.149,2,1,0.262,0.332,34.37,1,0.0,CLEANUP_CANDIDATE
181,2,0.2,-0.124,3,1,0.257,0.076,2.42,1,0.0,WAIT
274,2,0.499,0.005,4,1,0.348,0.096,0.26,1,0.0,WAIT
895,0,0.496,-0.028,4,0,0.497,0.566,15.23,0,19.89,CLEANUP_CANDIDATE
69,1,0.482,0.039,3,0,0.576,0.047,0.72,1,0.0,WAIT
291,1,0.391,0.161,1,0,0.333,0.074,0.13,1,0.0,WAIT
131,2,0.222,-0.1,1,1,0.279,0.022,3.37,1,0.0,WAIT
300,2,0.401,0.074,4,0,0.461,0.064,1.93,1,0.0,WAIT
424,0,0.537,0.114,3,0,0.255,0.357,2.68,1,0.0,ASK
326,0,0.439,0.17,4,0,0.366,0.091,5.25,1,0.0,WAIT
144,0,0.352,-0.16,2,0,0.209,0.063,3.3,1,0.0,WAIT
423,2,0.302,0.094,2,1,0.235,0.319,23.94,1,0.0,ASK
580,1,0.459,-0.009,4,0,0.263,0.227,7.19,1,0.0,ASK
135,2,0.584,0.112,2,0,0.142,0.073,1.23,1,0.0,WAIT
450,1,0.535,0.162,0,1,0.281,0.275,2.54,1,0.0,ASK
164,2,0.224,-0.191,0,1,0.397,0.032,5.28,1,0.0,WAIT
28,0,0.423,0.103,2,1,0.337,0.042,3.22,1,0.0,WAIT
773,0,0.456,0.018,1,0,0.579,0.208,66.76,0,10.75,CLEANUP_CANDIDATE
193,2,0.444,-0.033,4,0,0.571,0.013,1.46,1,0.0,WAIT
388,2,0.358,-0.131,3,0,0.141,0.396,1.77,1,0.0,ASK
852,0,0.388,-0.138,0,0,0.425,0.229,16.03,0,16.72,CLEANUP_CANDIDATE
169,1,0.406,0.024,0,1,0.16,0.02,1.92,1,0.0,WAIT
705,2,0.403,-0.139,1,1,0.517,0.263,38.45,0,0.0,CLEANUP_CANDIDATE
140,0,0.239,-0.171,0,0,0.324,0.088,5.93,1,0.0,WAIT
173,0,0.366,0.108,1,0,0.208,0.05,0.08,1,0.0,WAIT
6,1,0.529,-0.031,4,0,0.19,0.086,5.44,1,0.0,WAIT
745,0,0.54,0.169,0,1,0.179,0.388,73.84,0,0.0,CLEANUP_CANDIDATE
478,2,0.234,0.162,0,1,0.472,0.326,12.05,1,0.0,ASK
73,1,0.287,0.134,0,1,0.113,0.015,1.8,1,0.0,WAIT
910,2,0.426,0.009,1,1,0.409,0.278,0.93,0,20.67,CLEANUP_CANDIDATE
813,2,0.319,0.186,2,0,0.104,0.259,22.72,0,22.76,CLEANUP_CANDIDATE
238,2,0.407,0.101,4,0,0.152,0.099,0.68,1,0.0,WAIT
145,1,0.348,-0.04,1,1,0.422,0.05,0.16,1,0.0,WAIT
792,1,0.216,-0.086,0,1,0.498,0.692,21.48,0,22.73,CLEANUP_CANDIDATE
234,1,0.423,0.109,1,1,0.132,0.064,3.39,1,0.0,WAIT
220,2,0.522,-0.054,3,0,0.485,0.088,5.75,1,0.0,WAIT
923,1,0.263,0.157,3,0,0.305,0.573,67.97,0,0.0,CLEANUP_CANDIDATE
500,1,0.405,-0.177,0,0,0.263,0.403,4.39,1,0.0,ASK
132,1,0.377,-0.102,2,0,0.567,0.104,3.29,1,0.0,WAIT
990,0,0.365,0.076,4,1,0.221,0.283,7.99,0,18.18,CLEANUP_CANDIDATE
774,0,0.364,0.124,0,0,0.236,0.403,11.87,0,13.69,CLEANUP_CANDIDATE
185,0,0.413,0.152,4,0,0.421,0.074,1.04,1,0.0,WAIT
41,0,0.33,-0.038,1,0,0.126,0.018,4.03,1,0.0,WAIT
696,1,0.237,0.022,1,0,0.185,0.318,44.3,0,0.0,CLEANUP_CANDIDATE
108,1,0.373,0.005,0,0,0.187,0.101,3.31,1,0.0,WAIT
588,0,0.213,0.161,3,1,0.267,0.304,3.59,1,0.0,ASK
56,2,0.256,0.032,2,0,0.324,0.063,4.8,1,0.0,WAIT
405,0,0.582,-0.06,4,0,0.537,0.449,0.28,1,0.0,ASK
442,0,0.486,0.093,0,1,0.59,0.185,19.29,1,0.0,ASK
757,1,0.351,0.059,3,1,0.127,0.691,84.62,1,0.0,CLEANUP_CANDIDATE
997,1,0.571,0.192,3,1,0.265,0.285,16.17,0,24.09,CLEANUP_CANDIDATE
24,2,0.422,0.172,0,0,0.265,0.039,0.92,1,0.0,WAIT
467,1,0.295,0.174,3,1,0.508,0.268,3.88,1,0.0,ASK
539,2,0.224,0.005,2,0,0.563,0.431,3.93,1,0.0,ASK
531,0,0.316,0.176,2,1,0.457,0.253,13.9,1,0.0,ASK
618,2,0.513,-0.033,0,1,0.107,0.293,9.21,1,0.0,ASK
694,0,0.557,-0.016,1,1,0.251,0.687,32.45,0,19.38,CLEANUP_CANDIDATE
926,0,0.456,0.191,3,0,0.198,0.201,86.77,0,21.94,CLEANUP_CANDIDATE
338,2,0.305,-0.001,2,1,0.42,0.231,23.05,1,0.0,ASK
51,0,0.23,-0.045,2,0,0.263,0.073,1.49,1,0.0,WAIT
507,1,0.325,0.066,2,0,0.373,0.438,9.25,1,0.0,ASK
516,1,0.408,-0.065,0,1,0.157,0.237,3.62,1,0.0,ASK
920,1,0.354,-0.048,0,0,0.401,0.324,37.54,0,0.0,CLEANUP_CANDIDATE
781,2,0.481,-0.064,0,1,0.476,0.213,89.5,0,0.0,CLEANUP_CANDIDATE
264,2,0.489,-0.161,2,1,0.483,0.04,3.51,1,0.0,WAIT
817,1,0.512,0.007,0,1,0.55,0.262,6.51,0,23.79,CLEANUP_CANDIDATE
710,0,0.569,-0.085,2,0,0.471,0.449,74.67,0,11.87,CLEANUP_CANDIDATE
682,2,0.422,-0.067,0,0,0.422,0.648,66.5,0,21.17,CLEANUP_CANDIDATE
832,2,0.416,0.006,4,1,0.583,0.216,54.24,1,23.77,CLEANUP_CANDIDATE
518,1,0.501,0.027,3,1,0.431,0.215,2.63,1,0.0,ASK
447,1,0.204,-0.195,1,1,0.285,0.345,23.26,1,0.0,ASK
18,0,0.367,0.01,3,0,0.515,0.078,5.83,1,0.0,WAIT
715,1,0.454,0.189,1,0,0.434,0.297,21.67,0,11.02,CLEANUP_CANDIDATE
483,1,0.578,-0.136,2,0,0.302,0.135,10.73,1,0.0,ASK
568,2,0.535,0.001,4,1,0.384,0.305,7.98,1,0.0,ASK
433,2,0.339,-0.16,1,0,0.101,0.281,24.32,1,0.0,ASK
367,0,0.217,-0.2,4,1,0.426,0.317,7.53,1,0.0,ASK
83,0,0.324,0.128,0,0,0.205,0.103,2.04,1,0.0,WAIT
61,0,0.271,0.029,1,1,0.463,0.109,4.98,1,0.0,WAIT
638,2,0.367,0.004,1,0,0.493,0.393,5.14,1,0.0,ASK
272,2,0.584,-0.077,3,1,0.418,0.101,1.43,1,0.0,WAIT
285,2,0.556,-0.146,4,0,0.41,0.032,4.37,1,0.0,WAIT
360,2,0.327,0.053,0,0,0.403,0.286,6.13,1,0.0,ASK
354,2,0.468,0.06,3,1,0.139,0.363,4.7,1,0.0,ASK
456,0,0.313,0.001,1,0,0.368,0.361,6.62,1,0.0,ASK
278,1,0.41,-0.083,2,1,0.452,0.057,0.22,1,0.0,WAIT
12,2,0.238,0.176,1,0,0.312,0.029,5.07,1,0.0,WAIT
182,0,0.345,-0.011,0,0,0.543,0.11,1.96,1,0.0,WAIT
368,0,0.301,0.045,2,0,0.372,0.402,8.6,1,0.0,ASK
881,1,0.516,0.146,0,0,0.591,0.619,10.59,0,19.52,CLEANUP_CANDIDATE
615,0,0.465,-0.133,1,0,0.557,0.28,5.6,1,0.0,ASK
223,1,0.466,0.055,2,1,0.431,0.037,0.13,1,0.0,WAIT
572,0,0.401,-0.193,3,1,0.251,0.511,24.04,1,0.0,ASK
970,0,0.304,0.013,1,1,0.36,0.424,6.4,0,11.69,CLEANUP_CANDIDATE
653,0,0.333,-0.008,4,1,0.573,0.187,4.77,1,0.0,ASK
545,1,0.491,0.15,4,1,0.596,0.3,8.74,1,0.0,ASK
582,1,0.3,0.147,3,0,0.296,0.204,29.0,1,0.0,ASK
633,0,0.376,-0.07,4,0,0.272,0.392,1.6,1,0.0,ASK
176,1,0.505,-0.11,2,1,0.238,0.021,5.43,1,0.0,WAIT
665,2,0.539,0.006,3,1,0.312,0.264,8.04,1,0.0,ASK
673,2,0.591,0.048,2,0,0.192,0.622,66.06,0,18.29,CLEANUP_CANDIDATE
585,2,0.324,-0.019,3,1,0.181,0.299,6.65,1,0.0,ASK
873,2,0.318,-0.003,1,1,0.548,0.576,46.69,0,7.09,CLEANUP_CANDIDATE
393,0,0.232,-0.082,4,0,0.193,0.219,19.48,1,0.0,ASK
163,2,0.525,-0.003,3,1,0.486,0.037,4.92,1,0.0,WAIT
248,0,0.328,-0.196,0,0,0.539,0.069,2.59,1,0.0,WAIT
634,1,0.329,-0.153,0,1,0.262,0.343,10.7,1,0.0,ASK
885,0,0.356,0.101,0,0,0.34,0.636,11.44,0,17.02,CLEANUP_CANDIDATE
669,2,0.26,0.07,1,0,0.515,0.691,61.89,1,0.0,CLEANUP_CANDIDATE
375,1,0.224,-0.049,0,1,0.398,0.288,7.07,1,0.0,ASK
412,0,0.594,0.198,1,1,0.301,0.181,4.57,1,0.0,ASK
74,2,0.386,0.134,2,0,0.136,0.035,4.02,1,0.0,WAIT
113,1,0.305,0.124,1,0,0.201,0.056,2.05,1,0.0,WAIT
598,2,0.251,0.083,1,0,0.428,0.323,6.35,1,0.0,ASK
961,2,0.501,-0.119,3,1,0.182,0.625,82.02,1,22.25,CLEANUP_CANDIDATE
390,0,0.581,-0.194,1,0,0.434,0.406,7.01,1,0.0,ASK
104,0,0.585,0.088,0,1,0.46,0.11,1.84,1,0.0,WAIT
114,2,0.539,-0.078,4,1,0.477,0.016,0.15,1,0.0,WAIT
417,0,0.468,0.068,3,1,0.302,0.411,1.31,1,0.0,ASK
525,2,0.422,0.018,3,0,0.224,0.44,16.77,1,0.0,ASK
457,0,0.399,-0.086,2,0,0.579,0.223,10.82,1,0.0,ASK
409,2,0.269,0.018,2,0,0.349,0.289,8.48,1,0.0,ASK
92,1,0.544,0.133,2,1,0.489,0.101,2.59,1,0.0,WAIT
930,1,0.321,-0.11,3,0,0.376,0.44,55.79,1,3.43,CLEANUP_CANDIDATE
89,2,0.264,0.191,2,0,0.148,0.058,4.82,1,0.0,WAIT
336,0,0.276,-0.064,2,1,0.565,0.264,9.29,1,0.0,ASK
988,2,0.24,0.175,2,0,0.115,0.543,12.85,0,24.7,CLEANUP_CANDIDATE
921,0,0.231,-0.155,3,1,0.25,0.29,52.98,0,0.48,CLEANUP_CANDIDATE
933,1,0.302,0.175,2,1,0.547,0.63,0.21,0,19.36,CLEANUP_CANDIDATE
605,2,0.316,-0.035,3,1,0.506,0.198,0.79,1,0.0,ASK
593,2,0.579,-0.078,0,0,0.581,0.268,5.14,1,0.0,ASK
611,1,0.369,0.096,4,0,0.456,0.151,24.01,1,0.0,ASK
94,2,0.274,-0.105,2,0,0.148,0.05,0.73,1,0.0,WAIT
11,1,0.51,0.153,1,0,0.334,0.017,1.85,1,0.0,WAIT
396,1,0.266,0.053,2,1,0.342,0.138,5.18,1,0.0,ASK
533,1,0.277,-0.116,4,0,0.145,0.308,11.06,1,0.0,ASK
43,2,0.599,-0.186,4,1,0.332,0.097,0.84,1,0.0,WAIT
42,0,0.598,-0.031,1,1,0.247,0.052,5.84,1,0.0,WAIT
329,0,0.216,-0.115,1,0,0.414,0.03,5.77,1,0.0,WAIT
167,2,0.527,0.173,4,1,0.38,0.093,5.87,1,0.0,WAIT
497,2,0.22,-0.007,3,1,0.501,0.218,1.75,1,0.0,ASK
876,1,0.351,-0.092,0,1,0.452,0.627,0.36,0,24.39,CLEANUP_CANDIDATE
597,0,0.419,0.158,2,1,0.597,0.357,21.75,1,0.0,ASK
756,1,0.203,-0.126,2,0,0.516,0.349,19.36,0,18.67,CLEANUP_CANDIDATE
100,1,0.395,0.131,3,1,0.248,0.057,1.76,1,0.0,WAIT
426,2,0.216,0.115,1,0,0.223,0.329,21.12,1,0.0,ASK
178,1,0.555,-0.025,1,0,0.349,0.071,3.62,1,0.0,WAIT
444,1,0.202,-0.036,1,0,0.443,0.199,19.08,1,0.0,ASK
416,2,0.242,-0.148,1,0,0.181,0.427,18.96,1,0.0,ASK
870,2,0.275,-0.1,0,0,0.548,0.366,21.17,0,24.0,CLEANUP_CANDIDATE
882,0,0.414,0.156,3,0,0.136,0.608,57.56,0,12.14,CLEANUP_CANDIDATE
680,0,0.486,0.061,0,0,0.157,0.478,17.98,0,20.38,CLEANUP_CANDIDATE
177,1,0.455,-0.134,2,0,0.562,0.026,2.61,1,0.0,WAIT
395,2,0.409,-0.156,1,1,0.57,0.495,23.57,1,0.0,ASK
911,1,0.46,-0.165,1,1,0.567,0.531,5.01,0,23.1,CLEANUP_CANDIDATE
793,0,0.443,0.069,3,0,0.398,0.567,58.64,1,0.0,CLEANUP_CANDIDATE
960,1,0.233,0.197,3,0,0.115,0.467,68.3,1,0.0,CLEANUP_CANDIDATE
684,2,0.254,-0.116,1,0,0.233,0.206,0.23,0,22.96,CLEANUP_CANDIDATE
383,2,0.264,0.056,4,1,0.237,0.361,6.45,1,0.0,ASK
956,1,0.417,-0.18,0,0,0.181,0.435,73.9,0,0.0,CLEANUP_CANDIDATE
751,2,0.433,-0.182,3,0,0.24,0.403,60.41,1,0.0,CLEANUP_CANDIDATE
257,0,0.286,0.178,2,0,0.572,0.093,1.85,1,0.0,WAIT
538,2,0.508,-0.037,4,1,0.223,0.317,23.44,1,0.0,ASK
335,0,0.26,0.076,3,1,0.259,0.442,25.89,1,0.0,ASK
15,0,0.366,-0.043,2,1,0.584,0.02,2.59,1,0.0,WAIT
324,1,0.249,-0.192,0,0,0.205,0.058,2.08,1,0.0,WAIT
758,2,0.5,-0.157,1,1,0.383,0.547,55.71,1,0.0,CLEANUP_CANDIDATE
222,1,0.342,-0.047,4,0,0.457,0.105,0.21,1,0.0,WAIT
179,1,0.355,-0.149,2,1,0.165,0.052,2.5,1,0.0,WAIT
983,1,0.215,0.119,3,1,0.353,0.514,1.17,0,10.91,CLEANUP_CANDIDATE
22,1,0.39,-0.139,4,1,0.187,0.077,4.96,1,0.0,WAIT
356,0,0.381,-0.106,1,1,0.106,0.352,1.43,1,0.0,ASK
666,2,0.447,0.139,2,0,0.581,0.263,24.44,0,12.5,CLEANUP_CANDIDATE
861,2,0.224,-0.092,0,0,0.355,0.244,68.39,0,0.0,CLEANUP_CANDIDATE
340,2,0.434,-0.079,4,1,0.459,0.29,17.58,1,0.0,ASK
431,1,0.404,-0.047,0,1,0.336,0.327,8.86,1,0.0,ASK
551,1,0.265,0.04,3,1,0.282,0.15,19.91,1,0.0,ASK
833,2,0.598,0.097,1,1,0.506,0.653,18.05,0,17.82,CLEANUP_CANDIDATE
203,1,0.337,0.088,0,0,0.188,0.047,3.93,1,0.0,WAIT
630,2,0.465,0.047,2,1,0.346,0.346,11.09,1,0.0,ASK
93,0,0.531,-0.11,0,0,0.367,0.092,3.23,1,0.0,WAIT
558,0,0.367,-0.184,3,1,0.584,0.275,26.99,1,0.0,ASK
68,2,0.564,-0.103,4,0,0.374,0.057,0.61,1,0.0,WAIT
622,1,0.383,-0.147,1,1,0.32,0.372,10.07,1,0.0,ASK
284,1,0.545,-0.009,1,0,0.404,0.074,4.43,1,0.0,WAIT
844,0,0.588,0.156,1,1,0.591,0.68,43.26,1,22.68,CLEANUP_CANDIDATE
434,1,0.255,0.028,3,0,0.216,0.176,4.31,1,0.0,ASK
153,1,0.296,-0.122,3,1,0.341,0.063,2.18,1,0.0,WAIT
75,0,0.299,-0.11,2,0,0.481,0.035,0.12,1,0.0,WAIT
730,2,0.234,0.004,2,1,0.387,0.586,8.27,0,17.72,CLEANUP_CANDIDATE
446,0,0.232,-0.178,3,0,0.486,0.312,14.45,1,0.0,ASK
188,1,0.406,0.105,2,0,0.578,0.084,3.93,1,0.0,WAIT
271,0,0.306,0.179,1,0,0.501,0.067,3.93,1,0.0,WAIT
236,0,0.523,-0.053,1,1,0.497,0.073,3.79,1,0.0,WAIT
487,2,0.204,0.178,1,1,0.275,0.419,14.98,1,0.0,ASK
117,1,0.449,0.081,2,0,0.413,0.104,1.29,1,0.0,WAIT
943,2,0.592,0.018,0,0,0.206,0.357,88.68,1,0.0,CLEANUP_CANDIDATE
512,1,0.451,0.18,2,0,0.127,0.154,2.26,1,0.0,ASK
825,1,0.507,-0.053,1,1,0.372,0.331,58.35,1,20.75,CLEANUP_CANDIDATE
591,2,0.466,-0.122,3,0,0.469,0.22,0.16,1,0.0,ASK
126,1,0.364,0.004,1,0,0.45,0.039,2.34,1,0.0,WAIT
116,1,0.46,-0.173,4,0,0.471,0.075,3.11,1,0.0,WAIT
473,1,0.489,0.107,1,0,0.161,0.355,1.74,1,0.0,ASK
693,2,0.402,-0.053,1,1,0.6,0.635,18.57,0,10.61,CLEANUP_CANDIDATE
57,0,0.369,-0.167,3,0,0.246,0.099,5.66,1,0.0,WAIT
863,2,0.275,0.033,3,0,0.301,0.2,17.47,0,19.64,CLEANUP_CANDIDATE
912,1,0.49,-0.051,4,1,0.163,0.643,7.2,0,21.64,CLEANUP_CANDIDATE
369,2,0.237,0.172,2,1,0.225,0.267,10.26,1,0.0,ASK
268,2,0.304,-0.105,3,1,0.493,0.045,0.42,1,0.0,WAIT
46,0,0.574,-0.118,3,0,0.369,0.083,5.08,1,0.0,WAIT
349,0,0.369,-0.005,4,0,0.128,0.416,5.51,1,0.0,ASK
195,0,0.474,0.05,2,1,0.229,0.107,1.99,1,0.0,WAIT
999,1,0.556,-0.015,3,1,0.337,0.082,0.54,1,0.0,WAIT
834,0,0.241,0.005,4,0,0.354,0.577,6.18,0,13.23,CLEANUP_CANDIDATE
736,2,0.35,0.11,1,0,0.312,0.644,0.13,0,18.72,CLEANUP_CANDIDATE
263,0,0.259,-0.006,1,1,0.446,0.062,2.34,1,0.0,WAIT
443,2,0.501,0.076,3,1,0.477,0.286,23.8,1,0.0,ASK
675,2,0.472,-0.148,2,1,0.42,0.231,5.15,0,23.95,CLEANUP_CANDIDATE
304,0,0.395,-0.028,3,0,0.436,0.067,0.69,1,0.0,WAIT
341,1,0.247,0.184,4,1,0.423,0.437,28.84,1,0.0,ASK
966,2,0.274,-0.05,0,1,0.293,0.503,6.53,0,15.99,CLEANUP_CANDIDATE
149,0,0.481,0.099,3,1,0.11,0.11,1.52,1,0.0,WAIT
124,1,0.336,-0.006,4,1,0.218,0.093,3.5,1,0.0,WAIT
786,1,0.514,-0.018,1,0,0.155,0.235,12.6,0,22.82,CLEANUP_CANDIDATE
50,0,0.349,-0.185,4,1,0.369,0.108,1.84,1,0.0,WAIT
353,2,0.252,-0.11,3,0,0.409,0.4,3.37,1,0.0,ASK
927,1,0.355,0.152,4,0,0.109,0.509,50.46,1,24.25,CLEANUP_CANDIDATE
142,2,0.531,-0.07,2,0,0.49,0.063,1.77,1,0.0,WAIT
470,2,0.244,-0.006,4,1,0.108,0.474,27.21,1,0.0,ASK
399,2,0.406,-0.191,1,1,0.311,0.133,22.57,1,0.0,ASK
625,0,0.305,-0.198,4,1,0.411,0.295,18.23,1,0.0,ASK
320,2,0.315,0.114,2,1,0.204,0.077,2.66,1,0.0,WAIT
19,0,0.23,0.0,0,1,0.586,0.057,3.81,1,0.0,WAIT
809,2,0.576,0.109,0,0,0.258,0.25,38.37,0,0.0,CLEANUP_CANDIDATE
790,1,0.43,-0.044,0,0,0.432,0.234,52.99,0,0.0,CLEANUP_CANDIDATE
808,0,0.288,0.144,2,1,0.523,0.407,40.26,0,17.35,CLEANUP_CANDIDATE
407,0,0.27,0.095,1,0,0.38,0.422,2.2,1,0.0,ASK
537,2,0.374,-0.03,0,0,0.391,0.392,21.26,1,0.0,ASK
620,0,0.217,-0.185,4,0,0.477,0.402,7.59,1,0.0,ASK
38,2,0.222,0.09,4,1,0.41,0.022,3.71,1,0.0,WAIT
175,1,0.395,0.026,3,0,0.27,0.088,2.5,1,0.0,WAIT
245,0,0.356,-0.105,3,0,0.431,0.064,3.78,1,0.0,WAIT
828,2,0.219,-0.092,4,0,0.575,0.567,5.98,0,19.16,CLEANUP_CANDIDATE
667,1,0.464,-0.097,1,1,0.174,0.697,78.97,1,16.4,CLEANUP_CANDIDATE
754,0,0.226,-0.007,1,1,0.214,0.537,81.53,1,0.0,CLEANUP_CANDIDATE
858,0,0.336,0.157,0,0,0.398,0.157,73.26,0,0.0,CLEANUP_CANDIDATE
154,2,0.26,0.179,2,1,0.57,0.067,4.86,1,0.0,WAIT
287,1,0.535,-0.046,1,1,0.15,0.024,1.17,1,0.0,WAIT
602,1,0.547,-0.081,3,1,0.575,0.351,1.8,1,0.0,ASK
569,2,0.475,0.146,0,0,0.383,0.364,6.72,1,0.0,ASK
743,1,0.455,-0.093,2,0,0.306,0.546,55.14,0,3.7,CLEANUP_CANDIDATE
17,2,0.214,0.163,1,0,0.491,0.069,3.57,1,0.0,WAIT
127,1,0.528,-0.088,2,0,0.479,0.034,3.05,1,0.0,WAIT
322,2,0.537,0.077,3,1,0.201,0.043,4.83,1,0.0,WAIT
255,1,0.22,-0.195,1,1,0.433,0.097,2.04,1,0.0,WAIT
657,0,0.433,0.198,3,1,0.113,0.148,24.31,1,0.0,ASK
964,0,0.574,0.187,0,1,0.334,0.674,81.65,1,22.28,CLEANUP_CANDIDATE
190,1,0.349,-0.028,4,0,0.582,0.038,0.14,1,0.0,WAIT
115,0,0.218,0.156,0,0,0.439,0.069,5.56,1,0.0,WAIT
616,0,0.456,-0.199,3,0,0.495,0.341,26.28,1,0.0,ASK
606,2,0.396,0.004,1,1,0.183,0.315,22.55,1,0.0,ASK
180,1,0.23,0.114,3,1,0.439,0.074,1.4,1,0.0,WAIT
301,1,0.493,0.117,0,1,0.356,0.056,2.82,1,0.0,WAIT
759,2,0.215,0.064,0,1,0.194,0.495,15.51,0,20.53,CLEANUP_CANDIDATE
712,1,0.336,-0.088,1,1,0.19,0.447,24.63,0,13.85,CLEANUP_CANDIDATE
723,0,0.428,0.145,1,0,0.193,0.171,23.24,0,15.92,CLEANUP_CANDIDATE
685,0,0.415,-0.08,0,1,0.177,0.399,7.21,0,13.66,CLEANUP_CANDIDATE
979,2,0.234,-0.092,1,0,0.302,0.66,22.12,0,15.7,CLEANUP_CANDIDATE
517,2,0.471,0.024,3,1,0.29,0.253,6.6,1,0.0,ASK
984,2,0.577,0.169,3,1,0.132,0.218,88.83,0,1.49,CLEANUP_CANDIDATE
45,0,0.326,0.185,3,1,0.565,0.064,4.26,1,0.0,WAIT
909,2,0.56,-0.148,3,1,0.129,0.18,57.33,0,0.0,CLEANUP_CANDIDATE
157,2,0.284,0.092,4,0,0.566,0.015,2.13,1,0.0,WAIT
851,0,0.294,0.166,2,0,0.324,0.156,67.45,0,0.0,CLEANUP_CANDIDATE
171,0,0.413,0.196,0,0,0.268,0.058,5.3,1,0.0,WAIT
16,0,0.458,0.149,0,0,0.25,0.105,0.62,1,0.0,WAIT
511,0,0.244,-0.089,4,1,0.103,0.183,19.43,1,0.0,ASK
48,1,0.213,-0.166,2,0,0.177,0.028,5.89,1,0.0,WAIT
971,1,0.592,-0.133,1,0,0.56,0.345,74.3,0,0.0,CLEANUP_CANDIDATE
940,1,0.286,-0.17,0,1,0.322,0.412,7.22,0,18.74,CLEANUP_CANDIDATE
515,0,0.32,-0.045,3,0,0.471,0.486,18.26,1,0.0,ASK
952,2,0.422,-0.113,3,0,0.129,0.507,8.16,0,19.63,CLEANUP_CANDIDATE
480,0,0.555,-0.141,4,1,0.509,0.311,0.57,1,0.0,ASK
283,1,0.294,-0.199,1,1,0.261,0.076,3.3,1,0.0,WAIT
718,1,0.482,0.094,2,1,0.253,0.395,12.77,0,17.9,CLEANUP_CANDIDATE
877,1,0.265,-0.124,0,0,0.311,0.448,43.68,0,8.19,CLEANUP_CANDIDATE
225,0,0.544,0.015,2,1,0.237,0.074,1.88,1,0.0,WAIT
26,0,0.244,0.176,1,1,0.231,0.074,0.21,1,0.0,WAIT
954,2,0.294,0.12,3,0,0.325,0.249,16.67,0,12.41,CLEANUP_CANDIDATE
437,0,0.283,-0.187,1,1,0.378,0.341,7.61,1,0.0,ASK
951,2,0.433,-0.003,1,1,0.276,0.587,20.24,0,19.17,CLEANUP_CANDIDATE
364,1,0.554,-0.038,2,1,0.346,0.433,5.81,1,0.0,ASK
229,0,0.597,-0.145,0,0,0.467,0.105,1.49,1,0.0,WAIT
37,2,0.515,0.078,2,0,0.124,0.021,3.84,1,0.0,WAIT
965,0,0.253,-0.189,2,0,0.235,0.389,3.73,0,11.85,CLEANUP_CANDIDATE
374,2,0.252,-0.171,0,0,0.51,0.328,15.06,1,0.0,ASK
469,0,0.47,0.038,4,1,0.411,0.442,10.45,1,0.0,ASK
967,1,0.473,-0.134,3,1,0.487,0.242,0.02,0,20.3,CLEANUP_CANDIDATE
850,0,0.291,0.155,4,1,0.323,0.264,71.97,1,0.0,CLEANUP_CANDIDATE
704,1,0.252,-0.131,3,1,0.446,0.626,0.95,0,24.38,CLEANUP_CANDIDATE
841,0,0.427,0.156,4,0,0.516,0.414,68.89,0,8.77,CLEANUP_CANDIDATE
194,0,0.576,-0.029,1,1,0.139,0.027,1.56,1,0.0,WAIT
854,2,0.267,-0.072,2,0,0.125,0.668,42.95,0,0.0,CLEANUP_CANDIDATE
864,2,0.458,0.184,1,0,0.235,0.617,17.65,0,22.04,CLEANUP_CANDIDATE
503,2,0.285,-0.017,0,0,0.302,0.483,28.67,1,0.0,ASK
969,0,0.235,-0.15,2,1,0.137,0.38,6.93,0,18.84,CLEANUP_CANDIDATE
830,1,0.484,-0.108,1,1,0.595,0.159,58.92,0,0.0,CLEANUP_CANDIDATE
579,1,0.289,-0.079,3,0,0.294,0.344,4.25,1,0.0,ASK
968,0,0.207,0.067,3,0,0.178,0.574,22.62,0,14.29,CLEANUP_CANDIDATE
162,2,0.343,-0.144,2,1,0.445,0.092,3.03,1,0.0,WAIT
908,1,0.341,-0.179,2,1,0.322,0.311,3.05,0,23.11,CLEANUP_CANDIDATE
152,2,0.525,0.092,0,1,0.482,0.017,4.98,1,0.0,WAIT
801,2,0.404,0.028,1,0,0.494,0.454,11.89,0,17.19,CLEANUP_CANDIDATE
993,2,0.447,0.143,3,1,0.541,0.603,10.07,0,22.4,CLEANUP_CANDIDATE
755,1,0.345,-0.072,0,1,0.3,0.322,87.92,1,22.58,CLEANUP_CANDIDATE
111,0,0.384,-0.144,4,1,0.54,0.016,4.46,1,0.0,WAIT
226,2,0.448,-0.0,1,1,0.237,0.01,2.76,1,0.0,WAIT
688,2,0.362,-0.187,2,1,0.237,0.559,37.38,1,13.45,CLEANUP_CANDIDATE
103,0,0.401,0.185,3,1,0.364,0.016,3.9,1,0.0,WAIT
421,0,0.415,0.027,2,1,0.153,0.357,17.99,1,0.0,ASK
419,2,0.337,-0.04,4,1,0.492,0.426,0.51,1,0.0,ASK
750,2,0.453,-0.114,1,1,0.306,0.329,59.58,1,0.0,CLEANUP_CANDIDATE
586,0,0.41,0.036,2,0,0.258,0.353,12.55,1,0.0,ASK
780,2,0.505,-0.194,0,0,0.44,0.615,89.68,0,13.6,CLEANUP_CANDIDATE
672,0,0.235,0.055,3,0,0.112,0.513,39.03,0,0.0,CLEANUP_CANDIDATE
119,2,0.292,0.021,0,1,0.384,0.034,4.4,1,0.0,WAIT
53,2,0.443,-0.032,0,1,0.122,0.037,5.3,1,0.0,WAIT
151,1,0.257,0.008,3,1,0.221,0.024,1.26,1,0.0,WAIT
403,1,0.496,-0.008,4,1,0.242,0.362,27.84,1,0.0,ASK
945,2,0.452,0.066,3,0,0.525,0.603,23.17,0,15.7,CLEANUP_CANDIDATE
207,0,0.249,0.043,0,0,0.256,0.067,5.34,1,0.0,WAIT
658,2,0.249,0.068,3,1,0.504,0.144,20.08,1,0.0,ASK
843,2,0.576,0.029,2,0,0.357,0.496,16.91,0,17.81,CLEANUP_CANDIDATE
762,0,0.41,0.161,2,0,0.198,0.184,65.63,1,0.0,CLEANUP_CANDIDATE
8,2,0.304,-0.061,2,0,0.358,0.063,2.71,1,0.0,WAIT
807,0,0.311,0.07,0,1,0.596,0.282,1.3,0,19.86,CLEANUP_CANDIDATE
36,2,0.531,-0.196,2,0,0.189,0.026,4.65,1,0.0,WAIT
452,1,0.215,0.024,3,0,0.153,0.233,1.06,1,0.0,ASK
651,2,0.524,-0.113,1,1,0.593,0.42,8.78,1,0.0,ASK
253,0,0.55,-0.092,4,1,0.49,0.036,4.51,1,0.0,WAIT
303,0,0.325,0.128,2,0,0.57,0.1,1.15,1,0.0,WAIT
746,1,0.51,-0.194,1,1,0.425,0.469,12.91,0,21.35,CLEANUP_CANDIDATE
571,0,0.344,0.01,2,1,0.222,0.132,4.51,1,0.0,ASK
623,2,0.209,-0.089,0,0,0.577,0.152,1.24,1,0.0,ASK
732,1,0.55,-0.037,2,0,0.424,0.201,2.16,0,18.85,CLEANUP_CANDIDATE
891,1,0.455,-0.139,3,1,0.363,0.23,5.81,0,23.99,CLEANUP_CANDIDATE
262,2,0.234,0.106,0,1,0.527,0.053,1.28,1,0.0,WAIT
610,2,0.453,-0.142,0,1,0.14,0.485,13.74,1,0.0,ASK
297,2,0.311,-0.007,2,0,0.407,0.054,5.31,1,0.0,WAIT
414,1,0.344,0.121,2,0,0.169,0.292,4.93,1,0.0,ASK
150,1,0.373,0.19,1,0,0.151,0.018,3.71,1,0.0,WAIT
788,0,0.371,0.047,3,0,0.324,0.607,79.03,1,14.24,CLEANUP_CANDIDATE
640,2,0.376,-0.014,3,0,0.318,0.149,9.26,1,0.0,ASK
889,2,0.549,0.09,3,0,0.296,0.196,32.38,0,0.0,CLEANUP_CANDIDATE
550,2,0.3,-0.139,3,1,0.33,0.165,11.74,1,0.0,ASK
886,0,0.356,0.141,0,1,0.316,0.205,39.75,1,22.51,CLEANUP_CANDIDATE
488,1,0.218,-0.059,1,1,0.277,0.414,0.76,1,0.0,ASK
147,1,0.485,-0.068,2,0,0.266,0.061,4.97,1,0.0,WAIT
146,1,0.204,-0.14,1,0,0.286,0.024,1.9,1,0.0,WAIT
720,0,0.569,0.041,1,1,0.202,0.317,22.55,0,21.9,CLEANUP_CANDIDATE
931,1,0.305,0.052,2,0,0.577,0.245,1.3,0,17.52,CLEANUP_CANDIDATE
739,1,0.594,-0.025,4,0,0.163,0.694,63.79,1,4.88,CLEANUP_CANDIDATE
659,1,0.211,0.16,2,1,0.266,0.239,5.95,1,0.0,ASK
348,2,0.38,0.17,3,1,0.586,0.515,27.9,1,0.0,ASK
463,0,0.464,-0.172,2,1,0.274,0.177,4.45,1,0.0,ASK
325,1,0.576,-0.157,4,1,0.103,0.045,2.3,1,0.0,WAIT
186,1,0.312,0.146,0,0,0.484,0.085,3.91,1,0.0,WAIT
123,1,0.427,-0.048,0,1,0.422,0.056,5.02,1,0.0,WAIT
853,0,0.449,0.151,2,0,0.312,0.645,51.7,1,0.0,CLEANUP_CANDIDATE
608,0,0.264,0.094,0,0,0.442,0.154,1.92,1,0.0,ASK
143,0,0.375,0.048,0,1,0.531,0.02,3.2,1,0.0,WAIT
958,0,0.485,-0.104,0,0,0.144,0.423,18.16,0,17.67,CLEANUP_CANDIDATE
197,2,0.556,-0.058,0,1,0.5,0.075,5.17,1,0.0,WAIT
609,0,0.399,0.041,4,1,0.228,0.172,17.72,1,0.0,ASK
279,2,0.413,0.149,2,0,0.112,0.047,2.37,1,0.0,WAIT
293,0,0.408,-0.098,4,1,0.417,0.085,0.51,1,0.0,WAIT
400,1,0.214,0.047,2,0,0.369,0.265,13.11,1,0.0,ASK
122,0,0.316,-0.195,3,1,0.55,0.074,2.87,1,0.0,WAIT
183,2,0.306,-0.082,0,0,0.385,0.026,4.44,1,0.0,WAIT
202,1,0.227,-0.024,0,1,0.576,0.02,2.06,1,0.0,WAIT
438,2,0.468,-0.145,1,1,0.337,0.346,13.78,1,0.0,ASK
246,2,0.306,-0.067,3,1,0.375,0.055,3.89,1,0.0,WAIT
415,2,0.375,0.154,0,0,0.182,0.205,1.6,1,0.0,ASK
932,1,0.589,0.193,0,0,0.413,0.276,6.95,0,20.6,CLEANUP_CANDIDATE
765,0,0.332,0.161,0,0,0.375,0.65,68.74,0,0.0,CLEANUP_CANDIDATE
906,0,0.285,0.083,3,1,0.354,0.645,33.0,1,0.0,CLEANUP_CANDIDATE
835,1,0.542,0.06,0,1,0.341,0.401,49.33,0,0.0,CLEANUP_CANDIDATE
887,1,0.219,-0.12,4,0,0.271,0.37,5.95,0,13.12,CLEANUP_CANDIDATE
129,0,0.568,0.032,3,0,0.176,0.096,3.37,1,0.0,WAIT
637,2,0.547,0.034,4,0,0.174,0.339,24.89,1,0.0,ASK
402,0,0.37,-0.087,0,0,0.171,0.413,21.4,1,0.0,ASK
784,0,0.466,-0.13,1,1,0.567,0.258,18.72,0,12.32,CLEANUP_CANDIDATE
770,0,0.356,-0.037,0,1,0.145,0.667,12.84,0,23.27,CLEANUP_CANDIDATE
735,2,0.242,-0.021,1,0,0.553,0.334,58.28,0,19.91,CLEANUP_CANDIDATE
913,1,0.278,0.111,4,0,0.421,0.603,19.39,0,18.37,CLEANUP_CANDIDATE
219,2,0.365,-0.156,3,1,0.328,0.095,0.09,1,0.0,WAIT
641,2,0.343,-0.087,0,0,0.524,0.286,0.43,1,0.0,ASK
915,0,0.254,0.089,2,1,0.132,0.209,22.26,0,10.85,CLEANUP_CANDIDATE
752,1,0.572,-0.156,3,0,0.1,0.16,64.0,1,0.0,CLEANUP_CANDIDATE
806,2,0.244,-0.046,2,1,0.114,0.407,11.08,0,19.17,CLEANUP_CANDIDATE
919,2,0.359,-0.174,4,0,0.302,0.686,77.92,0,0.0,CLEANUP_CANDIDATE
624,1,0.278,0.161,4,0,0.163,0.255,23.2,1,0.0,ASK
874,1,0.478,0.015,1,0,0.192,0.596,47.39,1,0.0,CLEANUP_CANDIDATE
760,2,0.556,0.12,4,0,0.246,0.361,85.99,0,17.94,CLEANUP_CANDIDATE
386,0,0.424,0.108,4,0,0.133,0.381,17.5,1,0.0,ASK
972,0,0.434,0.176,0,0,0.584,0.666,53.18,0,0.0,CLEANUP_CANDIDATE
509,1,0.209,0.153,4,0,0.528,0.38,4.82,1,0.0,ASK
267,2,0.556,0.141,1,0,0.397,0.087,4.31,1,0.0,WAIT
819,1,0.502,-0.166,2,0,0.201,0.214,62.76,1,21.46,CLEANUP_CANDIDATE
441,2,0.202,0.1,3,0,0.434,0.301,8.82,1,0.0,ASK
496,1,0.592,0.171,3,0,0.264,0.495,18.82,1,0.0,ASK
112,1,0.424,0.108,0,0,0.331,0.083,1.48,1,0.0,WAIT
691,0,0.373,-0.167,0,1,0.44,0.432,35.52,1,0.0,CLEANUP_CANDIDATE
232,2,0.505,-0.096,2,1,0.242,0.053,2.7,1,0.0,WAIT
869,0,0.244,-0.184,4,1,0.297,0.526,12.58,0,15.96,CLEANUP_CANDIDATE
607,0,0.412,0.187,3,1,0.147,0.515,23.72,1,0.0,ASK
671,2,0.365,0.111,4,0,0.561,0.691,22.11,0,16.66,CLEANUP_CANDIDATE
373,2,0.537,0.138,1,0,0.523,0.337,10.62,1,0.0,ASK
981,1,0.491,0.081,4,1,0.556,0.51,79.57,1,1.76,CLEANUP_CANDIDATE
842,0,0.532,-0.066,3,0,0.578,0.246,84.6,1,22.04,CLEANUP_CANDIDATE
233,0,0.231,-0.087,1,1,0.131,0.098,0.35,1,0.0,WAIT
785,1,0.461,0.068,0,0,0.186,0.32,36.46,0,7.13,CLEANUP_CANDIDATE
676,2,0.271,0.014,3,1,0.356,0.32,57.34,0,17.65,CLEANUP_CANDIDATE
317,0,0.226,0.046,4,0,0.499,0.083,4.24,1,0.0,WAIT
648,2,0.408,0.106,2,1,0.595,0.363,23.57,1,0.0,ASK
410,0,0.28,-0.101,2,1,0.335,0.427,7.25,1,0.0,ASK
898,0,0.572,-0.048,1,1,0.415,0.435,11.33,0,16.03,CLEANUP_CANDIDATE
709,2,0.596,-0.082,1,0,0.526,0.534,73.86,0,0.0,CLEANUP_CANDIDATE
358,1,0.255,0.118,1,0,0.495,0.433,15.11,1,0.0,ASK
258,1,0.258,0.022,4,0,0.434,0.047,5.35,1,0.0,WAIT
744,0,0.212,-0.117,0,1,0.413,0.178,9.17,0,20.65,CLEANUP_CANDIDATE
627,1,0.498,-0.03,1,1,0.234,0.278,23.56,1,0.0,ASK
632,1,0.346,-0.179,0,0,0.288,0.44,0.36,1,0.0,ASK
282,0,0.474,-0.081,3,0,0.249,0.097,1.61,1,0.0,WAIT
376,1,0.297,0.137,2,1,0.541,0.134,5.55,1,0.0,ASK
384,2,0.363,-0.081,4,0,0.315,0.274,4.57,1,0.0,ASK
224,2,0.58,0.005,4,0,0.507,0.042,5.63,1,0.0,WAIT
953,2,0.461,0.044,2,1,0.429,0.473,44.02,1,0.0,CLEANUP_CANDIDATE
814,1,0.355,-0.171,1,1,0.145,0.348,78.53,0,0.0,CLEANUP_CANDIDATE
472,1,0.25,-0.144,4,1,0.136,0.402,1.09,1,0.0,ASK
347,1,0.374,0.199,1,1,0.479,0.214,6.38,1,0.0,ASK
505,2,0.492,-0.196,3,1,0.539,0.167,0.42,1,0.0,ASK
639,2,0.237,0.055,0,1,0.478,0.406,8.67,1,0.0,ASK
987,1,0.403,0.191,4,1,0.373,0.501,44.34,1,0.0,CLEANUP_CANDIDATE
928,0,0.23,-0.092,4,1,0.197,0.422,4.79,0,10.54,CLEANUP_CANDIDATE
905,0,0.265,0.15,4,1,0.155,0.483,22.9,0,16.52,CLEANUP_CANDIDATE
619,2,0.426,0.055,1,1,0.257,0.177,11.8,1,0.0,ASK
855,1,0.536,-0.1,2,0,0.541,0.45,66.0,0,0.0,CLEANUP_CANDIDATE
803,1,0.444,0.194,3,0,0.563,0.176,5.68,0,18.73,CLEANUP_CANDIDATE
645,2,0.239,-0.144,1,1,0.236,0.196,1.58,1,0.0,ASK
846,2,0.581,0.104,4,1,0.304,0.341,53.73,1,0.0,CLEANUP_CANDIDATE
556,1,0.294,-0.197,2,0,0.338,0.171,21.89,1,0.0,ASK
957,1,0.481,0.143,3,1,0.199,0.319,62.9,0,0.0,CLEANUP_CANDIDATE
577,0,0.502,-0.018,4,0,0.459,0.157,0.23,1,0.0,ASK
795,2,0.531,0.177,3,1,0.145,0.243,21.08,0,10.99,CLEANUP_CANDIDATE
85,2,0.23,-0.059,1,1,0.142,0.013,1.43,1,0.0,WAIT
242,0,0.585,0.091,2,0,0.339,0.072,5.09,1,0.0,WAIT
698,0,0.247,-0.057,0,0,0.128,0.505,5.83,0,19.6,CLEANUP_CANDIDATE
159,2,0.446,0.131,1,1,0.464,0.046,0.77,1,0.0,WAIT
524,2,0.485,-0.137,3,0,0.421,0.202,1.11,1,0.0,ASK
35,0,0.425,0.111,2,0,0.206,0.031,3.68,1,0.0,WAIT
540,2,0.589,0.193,2,0,0.299,0.144,9.39,1,0.0,ASK
170,2,0.514,0.011,0,0,0.36,0.078,4.91,1,0.0,WAIT
654,0,0.506,-0.039,2,0,0.451,0.428,5.81,1,0.0,ASK
890,0,0.594,-0.187,2,1,0.14,0.196,43.3,0,0.0,CLEANUP_CANDIDATE
857,0,0.542,-0.002,0,1,0.254,0.285,51.38,0,0.0,CLEANUP_CANDIDATE
847,1,0.293,0.064,1,1,0.219,0.56,43.79,1,7.73,CLEANUP_CANDIDATE
944,2,0.405,0.055,1,0,0.102,0.351,10.74,0,20.13,CLEANUP_CANDIDATE
733,1,0.203,0.026,2,1,0.321,0.158,5.35,0,13.08,CLEANUP_CANDIDATE
95,1,0.37,-0.086,0,1,0.196,0.04,4.78,1,0.0,WAIT
563,0,0.491,0.089,0,1,0.553,0.512,23.42,1,0.0,ASK
240,1,0.361,-0.041,3,1,0.142,0.06,5.77,1,0.0,WAIT
742,2,0.511,0.158,4,1,0.175,0.363,3.56,0,17.66,CLEANUP_CANDIDATE
574,2,0.427,0.031,1,0,0.118,0.318,1.8,1,0.0,ASK
690,1,0.219,-0.034,3,1,0.276,0.584,12.01,0,13.77,CLEANUP_CANDIDATE
460,2,0.553,-0.023,2,1,0.205,0.333,11.11,1,0.0,ASK
553,1,0.278,-0.046,2,1,0.117,0.187,6.07,1,0.0,ASK
888,2,0.59,0.065,4,0,0.36,0.334,56.46,0,0.0,CLEANUP_CANDIDATE
206,2,0.59,-0.046,0,0,0.299,0.103,4.72,1,0.0,WAIT
392,2,0.34,0.109,0,1,0.321,0.446,0.45,1,0.0,ASK
794,0,0.527,-0.013,4,0,0.585,0.26,4.1,0,18.6,CLEANUP_CANDIDATE
397,1,0.262,-0.15,0,0,0.15,0.338,15.6,1,0.0,ASK
766,1,0.48,0.162,2,1,0.356,0.656,11.62,0,12.92,CLEANUP_CANDIDATE
848,2,0.421,-0.065,0,1,0.455,0.337,82.62,0,7.3,CLEANUP_CANDIDATE
217,0,0.251,-0.177,3,1,0.352,0.093,5.31,1,0.0,WAIT
4,1,0.421,0.043,3,0,0.583,0.073,0.98,1,0.0,WAIT
768,2,0.211,0.189,4,1,0.299,0.356,17.78,0,13.39,CLEANUP_CANDIDATE
642,2,0.255,-0.126,3,1,0.181,0.364,8.7,1,0.0,ASK
929,0,0.262,0.075,4,1,0.259,0.681,52.68,1,2.05,CLEANUP_CANDIDATE
612,2,0.283,-0.001,2,1,0.367,0.33,7.92,1,0.0,ASK
738,0,0.31,-0.066,2,1,0.551,0.668,75.01,1,0.7,CLEANUP_CANDIDATE
546,2,0.584,-0.044,4,0,0.201,0.421,6.58,1,0.0,ASK
725,0,0.479,0.053,1,0,0.498,0.517,84.58,0,8.88,CLEANUP_CANDIDATE
683,1,0.269,-0.126,3,0,0.519,0.643,55.28,1,0.0,CLEANUP_CANDIDATE
98,1,0.393,-0.142,4,1,0.554,0.037,3.28,1,0.0,WAIT
804,2,0.225,-0.14,2,0,0.278,0.16,12.11,0,22.71,CLEANUP_CANDIDATE
727,0,0.485,0.11,3,1,0.211,0.279,22.5,0,14.17,CLEANUP_CANDIDATE
573,2,0.293,-0.188,1,1,0.474,0.297,0.39,1,0.0,ASK
406,2,0.53,-0.023,4,1,0.202,0.26,0.57,1,0.0,ASK
502,1,0.345,0.074,0,0,0.119,0.235,3.62,1,0.0,ASK
47,0,0.246,-0.11,2,1,0.371,0.06,1.25,1,0.0,WAIT
32,2,0.271,-0.193,3,0,0.118,0.034,4.23,1,0.0,WAIT
779,0,0.296,0.111,0,0,0.572,0.342,18.7,0,19.32,CLEANUP_CANDIDATE
839,1,0.598,-0.157,2,1,0.587,0.445,38.62,1,1.31,CLEANUP_CANDIDATE
200,1,0.576,-0.098,0,0,0.501,0.062,2.63,1,0.0,WAIT
134,1,0.348,-0.052,0,1,0.306,0.069,5.78,1,0.0,WAIT
27,2,0.349,0.171,1,0,0.442,0.054,3.65,1,0.0,WAIT
880,1,0.385,0.052,0,1,0.112,0.393,32.43,0,6.62,CLEANUP_CANDIDATE
230,1,0.318,-0.178,0,0,0.289,0.089,0.9,1,0.0,WAIT
489,0,0.344,0.105,2,1,0.125,0.283,3.01,1,0.0,ASK
772,2,0.54,0.185,2,0,0.158,0.561,12.7,0,23.34,CLEANUP_CANDIDATE
378,1,0.563,0.096,0,1,0.173,0.246,2.88,1,0.0,ASK
288,1,0.396,0.001,0,0,0.434,0.022,0.83,1,0.0,WAIT
418,1,0.588,0.051,4,0,0.25,0.334,4.56,1,0.0,ASK
674,1,0.545,-0.073,2,1,0.39,0.16,14.47,0,14.24,CLEANUP_CANDIDATE
391,0,0.229,0.026,0,1,0.425,0.382,21.57,1,0.0,ASK
592,2,0.381,0.07,0,0,0.583,0.197,7.28,1,0.0,ASK
498,2,0.288,0.099,0,0,0.255,0.221,26.89,1,0.0,ASK
138,0,0.535,0.107,4,1,0.331,0.028,0.93,1,0.0,WAIT
62,2,0.235,-0.141,4,1,0.319,0.046,0.0,1,0.0,WAIT
471,0,0.372,-0.198,0,1,0.461,0.493,26.8,1,0.0,ASK
647,1,0.286,-0.063,3,1,0.586,0.341,22.21,1,0.0,ASK
128,2,0.444,0.164,4,0,0.15,0.019,0.66,1,0.0,WAIT
976,0,0.422,-0.147,0,1,0.387,0.372,1.87,0,17.98,CLEANUP_CANDIDATE
520,1,0.586,-0.083,4,1,0.308,0.141,8.88,1,0.0,ASK
838,0,0.388,0.143,3,0,0.273,0.164,89.71,0,24.15,CLEANUP_CANDIDATE
962,0,0.59,0.114,0,1,0.548,0.621,12.63,0,22.47,CLEANUP_CANDIDATE
64,1,0.282,0.091,0,1,0.532,0.08,5.66,1,0.0,WAIT
812,1,0.575,0.127,2,1,0.578,0.255,8.42,0,14.8,CLEANUP_CANDIDATE
14,1,0.47,0.042,0,1,0.567,0.028,3.81,1,0.0,WAIT
156,2,0.504,-0.024,0,1,0.521,0.061,4.27,1,0.0,WAIT
40,1,0.215,0.16,0,0,0.155,0.016,0.13,1,0.0,WAIT
492,1,0.571,-0.199,2,1,0.223,0.334,21.38,1,0.0,ASK
379,0,0.419,-0.133,3,1,0.19,0.359,5.51,1,0.0,ASK
187,0,0.391,0.005,4,1,0.327,0.057,1.42,1,0.0,WAIT
763,1,0.409,0.144,2,0,0.233,0.333,73.58,0,1.7,CLEANUP_CANDIDATE
216,2,0.356,0.061,4,0,0.144,0.021,2.24,1,0.0,WAIT
791,0,0.497,-0.075,4,0,0.131,0.472,7.18,0,12.62,CLEANUP_CANDIDATE
52,0,0.383,0.127,4,1,0.549,0.096,3.87,1,0.0,WAIT
878,0,0.353,0.194,2,1,0.216,0.509,10.11,0,12.59,CLEANUP_CANDIDATE
337,2,0.493,-0.062,4,1,0.38,0.372,24.07,1,0.0,ASK
748,1,0.447,-0.049,0,1,0.296,0.419,68.11,0,16.59,CLEANUP_CANDIDATE
719,1,0.276,0.174,4,1,0.556,0.155,21.03,0,21.41,CLEANUP_CANDIDATE
724,0,0.351,-0.131,1,0,0.567,0.499,31.48,0,0.0,CLEANUP_CANDIDATE
295,2,0.37,-0.156,3,1,0.564,0.016,5.71,1,0.0,WAIT
701,0,0.5,0.087,4,1,0.336,0.365,40.07,1,0.0,CLEANUP_CANDIDATE
251,0,0.48,-0.048,3,0,0.113,0.036,4.11,1,0.0,WAIT
726,1,0.205,-0.109,4,1,0.226,0.5,10.84,0,23.71,CLEANUP_CANDIDATE
461,1,0.464,-0.194,4,1,0.123,0.274,16.22,1,0.0,ASK
455,2,0.284,0.075,2,1,0.377,0.416,8.36,1,0.0,ASK
996,2,0.34,0.168,2,0,0.369,0.564,44.8,1,7.97,CLEANUP_CANDIDATE
815,1,0.209,0.123,4,0,0.308,0.611,33.48,0,0.0,CLEANUP_CANDIDATE
862,0,0.468,-0.14,4,0,0.476,0.666,81.54,0,0.0,CLEANUP_CANDIDATE
269,1,0.203,-0.031,2,0,0.595,0.049,3.41,1,0.0,WAIT
201,1,0.435,0.043,0,0,0.291,0.099,4.63,1,0.0,WAIT
161,2,0.272,-0.174,2,1,0.338,0.036,3.89,1,0.0,WAIT
555,1,0.472,-0.152,0,0,0.377,0.375,2.04,1,0.0,ASK
729,1,0.514,-0.147,2,0,0.183,0.5,14.53,0,10.51,CLEANUP_CANDIDATE
401,0,0.236,0.112,1,1,0.137,0.218,0.66,1,0.0,ASK
702,0,0.287,-0.162,3,1,0.397,0.5,86.83,0,0.0,CLEANUP_CANDIDATE
476,0,0.422,0.129,3,0,0.432,0.357,24.27,1,0.0,ASK
821,0,0.389,0.033,1,0,0.346,0.56,74.89,1,19.63,CLEANUP_CANDIDATE
771,0,0.527,0.16,3,0,0.273,0.295,77.61,1,0.0,CLEANUP_CANDIDATE
105,2,0.527,0.084,1,1,0.45,0.061,1.65,1,0.0,WAIT
565,1,0.214,0.171,4,1,0.234,0.154,3.05,1,0.0,ASK
389,2,0.48,-0.144,4,0,0.537,0.304,4.61,1,0.0,ASK
1,0,0.35,-0.014,2,0,0.358,0.066,5.46,1,0.0,WAIT
937,0,0.433,-0.079,4,1,0.354,0.579,49.56,1,15.04,CLEANUP_CANDIDATE
982,0,0.293,0.17,4,0,0.383,0.569,20.96,0,24.94,CLEANUP_CANDIDATE
561,0,0.558,0.146,3,1,0.566,0.388,0.65,1,0.0,ASK
80,1,0.261,0.18,2,0,0.157,0.095,3.63,1,0.0,WAIT
205,1,0.467,-0.009,3,0,0.292,0.069,1.25,1,0.0,WAIT
34,1,0.276,0.057,4,1,0.536,0.075,4.17,1,0.0,WAIT
775,2,0.307,0.013,0,1,0.497,0.406,3.01,0,14.62,CLEANUP_CANDIDATE
508,1,0.542,0.07,3,1,0.464,0.53,23.19,1,0.0,ASK
427,0,0.582,0.044,1,0,0.163,0.439,5.63,1,0.0,ASK
454,0,0.541,0.08,2,0,0.391,0.246,8.6,1,0.0,ASK
366,0,0.457,-0.104,2,1,0.31,0.188,27.31,1,0.0,ASK
91,1,0.514,-0.094,4,0,0.406,0.017,0.78,1,0.0,WAIT
339,2,0.318,-0.086,4,1,0.391,0.389,25.99,1,0.0,ASK
897,0,0.322,0.052,4,1,0.502,0.398,13.9,0,15.17,CLEANUP_CANDIDATE
564,2,0.517,-0.023,1,1,0.456,0.253,5.21,1,0.0,ASK
345,1,0.501,0.058,3,0,0.211,0.188,29.02,1,0.0,ASK
776,1,0.243,-0.066,0,1,0.479,0.254,55.47,0,0.0,CLEANUP_CANDIDATE
241,0,0.327,0.115,0,1,0.219,0.035,0.24,1,0.0,WAIT
13,0,0.313,-0.164,2,0,0.29,0.037,3.0,1,0.0,WAIT
315,2,0.6,-0.189,4,1,0.417,0.02,4.01,1,0.0,WAIT
600,1,0.591,0.072,4,0,0.518,0.274,2.72,1,0.0,ASK
387,1,0.445,0.119,3,1,0.541,0.294,8.26,1,0.0,ASK
273,2,0.445,0.182,0,1,0.187,0.043,3.3,1,0.0,WAIT
166,0,0.587,-0.014,1,1,0.264,0.089,1.85,1,0.0,WAIT
840,1,0.416,-0.028,3,1,0.486,0.509,14.25,0,15.72,CLEANUP_CANDIDATE
992,1,0.23,-0.158,4,1,0.364,0.241,77.32,1,0.0,CLEANUP_CANDIDATE
646,1,0.336,0.074,1,0,0.104,0.317,6.89,1,0.0,ASK
818,0,0.482,0.05,0,0,0.171,0.261,21.47,0,12.83,CLEANUP_CANDIDATE
484,0,0.39,-0.099,4,1,0.442,0.371,5.05,1,0.0,ASK
980,0,0.429,0.182,0,0,0.131,0.291,60.97,1,0.0,CLEANUP_CANDIDATE
504,1,0.365,0.011,3,0,0.438,0.348,0.56,1,0.0,ASK
831,2,0.396,0.099,2,1,0.496,0.162,58.88,1,0.0,CLEANUP_CANDIDATE
243,0,0.526,-0.125,3,0,0.216,0.101,0.52,1,0.0,WAIT
566,0,0.316,-0.011,4,0,0.452,0.284,16.43,1,0.0,ASK
875,1,0.547,0.072,2,0,0.126,0.66,17.48,0,11.41,CLEANUP_CANDIDATE
562,0,0.524,0.125,1,0,0.36,0.352,2.27,1,0.0,ASK
686,2,0.236,-0.159,3,0,0.376,0.619,6.26,0,23.15,CLEANUP_CANDIDATE
189,2,0.549,-0.163,3,1,0.268,0.063,3.24,1,0.0,WAIT
782,1,0.563,0.187,4,0,0.259,0.301,89.39,0,0.0,CLEANUP_CANDIDATE
699,1,0.576,0.064,0,1,0.298,0.671,76.51,0,22.77,CLEANUP_CANDIDATE
475,1,0.518,0.175,2,1,0.55,0.177,4.01,1,0.0,ASK
681,1,0.449,0.146,0,0,0.26,0.219,8.7,0,17.89,CLEANUP_CANDIDATE
510,2,0.376,-0.17,3,0,0.101,0.209,27.54,1,0.0,ASK
58,2,0.397,-0.081,1,1,0.101,0.025,2.66,1,0.0,WAIT
474,0,0.527,0.135,0,1,0.212,0.379,0.98,1,0.0,ASK
560,2,0.429,0.061,1,0,0.249,0.222,4.78,1,0.0,ASK
856,0,0.373,-0.0,1,1,0.425,0.403,86.7,0,4.16,CLEANUP_CANDIDATE
747,0,0.551,-0.177,4,1,0.139,0.211,62.0,0,0.0,CLEANUP_CANDIDATE
252,2,0.23,-0.038,1,1,0.281,0.039,0.99,1,0.0,WAIT
21,1,0.406,0.027,1,1,0.235,0.043,0.32,1,0.0,WAIT
313,0,0.578,-0.126,3,0,0.271,0.045,0.24,1,0.0,WAIT
459,2,0.564,0.153,1,0,0.428,0.131,1.6,1,0.0,ASK
160,2,0.318,-0.17,3,1,0.396,0.061,5.59,1,0.0,WAIT
276,0,0.415,0.146,4,1,0.582,0.075,5.06,1,0.0,WAIT
955,1,0.462,-0.017,3,0,0.425,0.662,89.68,1,10.99,CLEANUP_CANDIDATE
191,1,0.52,0.066,4,0,0.444,0.096,4.28,1,0.0,WAIT
385,0,0.432,-0.162,1,1,0.534,0.426,22.69,1,0.0,ASK
805,2,0.598,-0.079,0,1,0.434,0.175,53.9,0,0.0,CLEANUP_CANDIDATE
413,2,0.544,0.17,1,0,0.255,0.193,26.13,1,0.0,ASK
491,2,0.496,0.09,3,0,0.137,0.32,7.38,1,0.0,ASK
343,2,0.35,0.188,4,0,0.124,0.192,4.99,1,0.0,ASK
769,0,0.488,-0.041,2,1,0.415,0.363,6.08,0,15.19,CLEANUP_CANDIDATE
308,1,0.367,0.057,1,0,0.302,0.015,1.94,1,0.0,WAIT
661,0,0.309,-0.075,2,1,0.385,0.435,22.95,1,0.0,ASK
130,1,0.574,0.032,0,0,0.561,0.09,2.66,1,0.0,WAIT
663,1,0.45,0.145,1,1,0.329,0.219,28.15,1,0.0,ASK
871,2,0.436,-0.117,3,1,0.455,0.484,75.3,1,11.16,CLEANUP_CANDIDATE
99,0,0.591,0.057,4,1,0.541,0.072,5.39,1,0.0,WAIT
372,1,0.333,0.013,0,0,0.121,0.293,12.71,1,0.0,ASK
87,2,0.346,0.046,2,0,0.359,0.045,4.74,1,0.0,WAIT
458,2,0.484,-0.094,1,0,0.162,0.42,11.86,1,0.0,ASK
330,2,0.324,-0.129,3,0,0.345,0.089,0.84,1,0.0,WAIT
214,2,0.366,0.16,0,1,0.493,0.044,4.52,1,0.0,WAIT
466,0,0.43,0.036,0,0,0.274,0.431,18.68,1,0.0,ASK
121,0,0.583,0.076,1,0,0.47,0.082,3.11,1,0.0,WAIT
614,2,0.343,0.116,1,0,0.449,0.333,16.8,1,0.0,ASK
20,0,0.285,-0.075,2,1,0.14,0.035,1.68,1,0.0,WAIT
700,1,0.336,-0.052,0,0,0.468,0.645,17.52,0,15.12,CLEANUP_CANDIDATE
71,1,0.314,0.183,1,1,0.388,0.09,4.58,1,0.0,WAIT
106,1,0.406,0.111,2,0,0.165,0.028,2.92,1,0.0,WAIT
270,1,0.404,-0.138,1,0,0.225,0.068,2.13,1,0.0,WAIT
860,2,0.448,0.09,3,1,0.48,0.185,44.83,1,0.0,CLEANUP_CANDIDATE
435,2,0.298,0.081,2,1,0.198,0.508,18.89,1,0.0,ASK
102,2,0.293,0.131,4,0,0.243,0.025,4.8,1,0.0,WAIT
