scene_id,timestamp,cup_id,x,y,hand_distance,last_touched_time,touch_count,moved_recently,distance_to_tray,user_present,user_absent_time,active_cup_id,is_active_cup,time_near_cup,time_since_release,release_count,cup_motion_distance,stationary_time,was_moved,used_cup_candidate,idle_candidate,label
0,1779177637.793,0,0.8008,0.6431,999.0,999.0,0,0,0.5355,1,0.0,-1,0,0.0,999.0,0,0.0,0.0,0,0,1,IDLE
0,1779177637.793,1,0.6633,0.6972,999.0,999.0,0,0,0.5233,1,0.0,-1,0,0.0,999.0,0,0.0,0.0,0,0,1,IDLE
0,1779177637.793,2,0.8812,0.5875,999.0,999.0,0,0,0.5436,1,0.0,-1,0,0.0,999.0,0,0.0,0.0,0,0,1,IDLE
1,1779177638.373,0,0.8172,0.6458,999.0,999.58,0,0,0.5472,1,0.0,-1,0,0.0,999.58,0,0.0,0.29,0,0,1,IDLE
1,1779177638.373,1,0.6781,0.7,999.0,999.58,0,0,0.5308,1,0.0,-1,0,0.0,999.58,0,0.0,0.58,0,0,1,IDLE
1,1779177638.373,2,0.8977,0.5903,999.0,999.58,0,0,0.5572,1,0.0,-1,0,0.0,999.58,0,0.0,0.29,0,0,1,IDLE
2,1779177638.929,0,0.8172,0.6458,0.5534,1000.135,0,0,0.5472,1,0.0,1,0,0.0,1000.135,0,0.0,0.845,0,0,1,IDLE
2,1779177638.929,1,0.6781,0.6986,0.4648,1000.135,0,0,0.5295,1,0.0,1,1,0.0,1000.135,0,0.0,1.135,0,0,1,IDLE
2,1779177638.929,2,0.8977,0.5903,0.6056,1000.135,0,0,0.5572,1,0.0,1,0,0.0,1000.135,0,0.0,0.845,0,0,1,IDLE
3,1779177639.494,0,0.8172,0.6458,999.0,1000.701,0,0,0.5472,1,0.0,-1,0,0.0,1000.701,0,0.0,1.41,0,0,1,IDLE
3,1779177639.494,1,0.6781,0.6986,999.0,1000.701,0,0,0.5295,1,0.0,-1,0,0.0,1000.701,0,0.0,1.701,0,0,1,IDLE
3,1779177639.494,2,0.8977,0.5903,999.0,1000.701,0,0,0.5572,1,0.0,-1,0,0.0,1000.701,0,0.0,1.41,0,0,1,IDLE
4,1779177640.069,0,0.8172,0.6458,999.0,1001.276,0,0,0.5472,1,0.0,-1,0,0.0,1001.276,0,0.0,1.985,0,0,1,IDLE
4,1779177640.069,1,0.6781,0.7,999.0,1001.276,0,0,0.5308,1,0.0,-1,0,0.0,1001.276,0,0.0,2.276,0,0,1,IDLE
4,1779177640.069,2,0.8977,0.5903,999.0,1001.276,0,0,0.5572,1,0.0,-1,0,0.0,1001.276,0,0.0,1.985,0,0,1,IDLE
5,1779177640.628,0,0.8172,0.6458,0.4441,1001.835,0,0,0.5472,1,0.0,1,0,0.0,1001.835,0,0.0,2.545,0,0,1,IDLE
5,1779177640.628,1,0.6773,0.6986,0.3196,1001.835,0,0,0.5292,1,0.0,1,1,0.0,1001.835,0,0.0,2.835,0,0,1,IDLE
5,1779177640.628,2,0.8977,0.5903,0.5187,1001.835,0,0,0.5572,1,0.0,1,0,0.0,1001.835,0,0.0,2.545,0,0,1,IDLE
6,1779177641.205,0,0.6344,0.5875,0.4651,1002.412,0,1,0.4101,1,0.0,1,0,0.0,1002.412,0,0.1619,0.0,1,0,1,IDLE
6,1779177641.205,1,0.5,0.6417,0.3451,1002.412,0,1,0.4417,1,0.0,1,1,0.0,1002.412,0,0.1571,0.0,1,0,1,IDLE
6,1779177641.205,2,0.7109,0.5361,0.5361,1002.412,0,1,0.3968,1,0.0,1,0,0.0,1002.412,0,0.1649,0.0,1,0,1,IDLE
7,1779177641.766,0,0.5445,0.5944,0.47,1002.973,0,1,0.397,1,0.0,1,0,0.0,1002.973,0,0.1926,0.0,1,0,1,IDLE
7,1779177641.766,1,0.4133,0.6569,0.3517,1002.973,0,1,0.4651,1,0.0,1,1,0.0,1002.973,0,0.1884,0.0,1,0,1,IDLE
7,1779177641.766,2,0.618,0.5375,0.5394,1002.973,0,1,0.3575,1,0.0,1,0,0.0,1002.973,0,0.1963,0.0,1,0,1,IDLE
8,1779177642.341,0,0.5977,0.6347,0.4629,1003.548,0,0,0.4456,1,0.0,1,0,0.0,1003.548,0,0.2367,0.432,1,0,1,IDLE
8,1779177642.341,1,0.4672,0.7,0.345,1003.548,0,0,0.5011,1,0.0,1,1,0.0,1003.548,0,0.2314,0.432,1,0,1,IDLE
8,1779177642.341,2,0.6703,0.5736,0.5326,1003.548,0,0,0.4106,1,0.0,1,0,0.0,1003.548,0,0.2375,0.432,1,0,1,IDLE
9,1779177642.901,0,0.5984,0.6347,0.4161,1004.108,0,0,0.4457,1,0.0,1,0,0.0,1004.108,0,0.2367,0.992,1,0,1,IDLE
9,1779177642.901,1,0.468,0.7014,0.2978,1004.108,0,0,0.5024,1,0.0,1,1,0.0,1004.108,0,0.2314,0.992,1,0,1,IDLE
9,1779177642.901,2,0.6719,0.5736,0.4862,1004.108,0,0,0.4112,1,0.0,1,0,0.0,1004.108,0,0.2375,0.992,1,0,1,IDLE
10,1779177643.461,0,0.6,0.6361,999.0,1004.668,0,0,0.4474,1,0.42,-1,0,0.0,1004.668,0,0.0749,1.552,1,0,1,IDLE
10,1779177643.461,1,0.4695,0.7028,999.0,1004.668,0,0,0.5037,1,0.42,-1,0,0.0,1004.668,0,0.0743,1.552,1,0,1,IDLE
10,1779177643.461,2,0.6734,0.575,999.0,1004.668,0,0,0.4132,1,0.42,-1,0,0.0,1004.668,0,0.0726,1.552,1,0,1,IDLE
11,1779177644.037,0,0.6,0.6361,999.0,1005.244,0,0,0.4474,1,0.996,-1,0,0.0,1005.244,0,0.0,2.128,1,0,1,IDLE
11,1779177644.037,1,0.4703,0.7028,999.0,1005.244,0,0,0.5037,1,0.996,-1,0,0.0,1005.244,0,0.0,2.128,1,0,1,IDLE
11,1779177644.037,2,0.6734,0.575,999.0,1005.244,0,0,0.4132,1,0.996,-1,0,0.0,1005.244,0,0.0,2.128,1,0,1,IDLE
12,1779177644.591,0,0.6,0.6361,999.0,1005.798,0,0,0.4474,1,0.0,-1,0,0.0,1005.798,0,0.0,2.682,1,0,1,IDLE
12,1779177644.591,1,0.4695,0.7028,999.0,1005.798,0,0,0.5037,1,0.0,-1,0,0.0,1005.798,0,0.0,2.682,1,0,1,IDLE
12,1779177644.591,2,0.6734,0.575,999.0,1005.798,0,0,0.4132,1,0.0,-1,0,0.0,1005.798,0,0.0,2.682,1,0,1,IDLE
13,1779177645.172,0,0.6008,0.6361,999.0,1006.379,0,0,0.4476,1,0.0,-1,0,0.0,1006.379,0,0.0,3.263,1,0,1,IDLE
13,1779177645.172,1,0.4711,0.7028,999.0,1006.379,0,0,0.5036,1,0.0,-1,0,0.0,1006.379,0,0.0,3.263,1,0,1,IDLE
13,1779177645.172,2,0.6734,0.575,999.0,1006.379,0,0,0.4132,1,0.0,-1,0,0.0,1006.379,0,0.0,3.263,1,0,1,IDLE
14,1779177645.732,0,0.6,0.6361,0.2703,1006.939,0,0,0.4474,1,0.0,1,0,0.0,1006.939,0,0.0,3.823,1,0,1,IDLE
14,1779177645.732,1,0.4703,0.7028,0.1529,1006.939,0,0,0.5037,1,0.0,1,1,0.0,1006.939,0,0.0,3.823,1,0,1,IDLE
14,1779177645.732,2,0.0586,0.3264,0.3235,1006.939,0,0,0.4591,1,0.0,1,0,0.0,1006.939,0,0.5449,0.289,1,0,1,IDLE
15,1779177646.308,0,0.6008,0.6361,0.2884,1007.515,0,0,0.4476,1,0.0,1,0,0.0,1007.515,0,0.0,4.399,1,0,1,IDLE
15,1779177646.308,1,0.4703,0.7028,0.1742,1007.515,0,0,0.5037,1,0.0,1,1,0.0,1007.515,0,0.0,4.399,1,0,1,IDLE
15,1779177646.308,2,0.0648,0.3319,0.3537,1007.515,0,1,0.4547,1,0.0,1,0,0.0,1007.515,0,0.5449,0.0,1,0,1,IDLE
16,1779177646.867,0,0.6008,0.6361,0.255,1008.074,0,0,0.4476,1,0.0,1,0,0.0,1008.074,0,0.0,4.958,1,0,1,IDLE
16,1779177646.867,1,0.4703,0.7056,0.1369,1008.074,0,0,0.5064,1,0.0,1,1,0.0,1008.074,0,0.0,4.958,1,0,1,IDLE
16,1779177646.867,2,0.0852,0.3153,0.2909,1008.074,0,1,0.4306,1,0.0,1,0,0.0,1008.074,0,0.5449,0.0,1,0,1,IDLE
17,1779177647.43,0,0.6016,0.6361,0.2328,1008.637,0,0,0.4478,1,0.0,1,0,0.0,1008.637,0,0.0,5.522,1,0,1,IDLE
17,1779177647.43,1,0.4703,0.7056,0.1158,0.0,2,0,0.5064,1,0.0,1,1,0.274,1008.637,0,0.0,5.522,1,1,0,WAIT
17,1779177647.43,2,0.6734,0.5764,0.2997,1008.637,0,0,0.4144,1,0.0,1,0,0.0,1008.637,0,0.5285,0.417,1,0,1,IDLE
18,1779177648.005,0,0.6008,0.6361,0.1929,1009.211,0,0,0.4476,1,0.0,1,0,0.0,1009.211,0,0.0,6.096,1,0,1,IDLE
18,1779177648.005,1,0.4711,0.7028,0.0753,0.0,6,0,0.5036,1,0.0,1,1,0.848,1009.211,0,0.0,6.096,1,1,0,WAIT
18,1779177648.005,2,0.6734,0.5764,0.2619,1009.211,0,0,0.4144,1,0.0,1,0,0.0,1009.211,0,0.5285,0.992,1,0,1,IDLE
19,1779177648.565,0,0.6008,0.6375,0.1787,1009.772,0,0,0.449,1,0.0,1,0,0.0,1009.772,0,0.0,6.656,1,0,1,IDLE
19,1779177648.565,1,0.4711,0.7014,0.0621,0.0,10,0,0.5022,1,0.0,1,1,1.409,1009.772,0,0.0,6.656,1,1,0,WAIT
19,1779177648.565,2,0.6734,0.5764,0.2473,1009.772,0,0,0.4144,1,0.0,1,0,0.0,1009.772,0,0.5285,1.552,1,0,1,IDLE
20,1779177649.141,0,0.6008,0.6375,0.1947,1010.347,0,0,0.449,1,0.0,1,0,0.0,1010.347,0,0.0,7.232,1,0,1,IDLE
20,1779177649.141,1,0.468,0.7014,0.0755,0.0,14,0,0.5024,1,0.0,1,1,1.984,1010.347,0,0.0,7.232,1,1,0,WAIT
20,1779177649.141,2,0.6734,0.5764,0.2644,1010.347,0,0,0.4144,1,0.0,1,0,0.0,1010.347,0,0.0,2.128,1,0,1,IDLE
21,1779177649.697,0,0.6008,0.6375,0.1936,1010.904,0,0,0.449,1,0.0,1,0,0.0,1010.904,0,0.0,7.788,1,0,1,IDLE
21,1779177649.697,1,0.4672,0.7014,0.0737,0.0,18,0,0.5025,1,0.0,1,1,2.541,1010.904,0,0.0,7.788,1,1,0,WAIT
21,1779177649.697,2,0.6734,0.5764,0.2633,1010.904,0,0,0.4144,1,0.0,1,0,0.0,1010.904,0,0.0,2.684,1,0,1,IDLE
22,1779177650.276,0,0.6008,0.6375,0.1942,1011.483,0,0,0.449,1,0.0,1,0,0.0,1011.483,0,0.0,8.368,1,0,1,IDLE
22,1779177650.276,1,0.4672,0.7014,0.0743,0.0,22,0,0.5025,1,0.0,1,1,3.12,1011.483,0,0.0,8.368,1,1,0,WAIT
22,1779177650.276,2,0.6734,0.5764,0.264,1011.483,0,0,0.4144,1,0.0,1,0,0.0,1011.483,0,0.0,3.263,1,0,1,IDLE
23,1779177650.837,0,0.6016,0.6375,0.1949,1012.043,0,0,0.4491,1,0.0,1,0,0.0,1012.043,0,0.0,8.928,1,0,1,IDLE
23,1779177650.837,1,0.4672,0.7014,0.0743,0.0,26,0,0.5025,1,0.0,1,1,3.681,1012.043,0,0.0,8.928,1,1,0,WAIT
23,1779177650.837,2,0.6734,0.5764,0.264,1012.043,0,0,0.4144,1,0.0,1,0,0.0,1012.043,0,0.0,3.824,1,0,1,IDLE
24,1779177651.397,0,0.6023,0.6375,0.1942,1012.604,0,0,0.4493,1,0.0,1,0,0.0,1012.604,0,0.0,9.488,1,0,1,IDLE
24,1779177651.397,1,0.4672,0.7028,0.0728,0.0,30,0,0.5038,1,0.0,1,1,4.241,1012.604,0,0.0,9.488,1,1,0,WAIT
24,1779177651.397,2,0.675,0.5764,0.264,1012.604,0,0,0.4151,1,0.0,1,0,0.0,1012.604,0,0.0,4.384,1,0,1,IDLE
25,1779177651.97,0,0.6023,0.6375,0.1942,1013.177,0,0,0.4493,1,0.0,1,0,0.0,1013.177,0,0.0,10.061,1,0,1,IDLE
25,1779177651.97,1,0.4664,0.7028,0.0722,0.0,34,0,0.5039,1,0.0,1,1,4.814,1013.177,0,0.0,10.061,1,1,0,WAIT
25,1779177651.97,2,0.675,0.5778,0.2637,1013.177,0,0,0.4163,1,0.0,1,0,0.0,1013.177,0,0.0,4.957,1,0,1,IDLE
26,1779177652.532,0,0.6023,0.6375,0.1944,1013.739,0,0,0.4493,1,0.0,1,0,0.0,1013.739,0,0.0,10.624,1,0,1,IDLE
26,1779177652.532,1,0.4672,0.7028,0.0731,0.0,38,0,0.5038,1,0.0,1,1,5.376,1013.739,0,0.0,10.624,1,1,0,WAIT
26,1779177652.532,2,0.675,0.5778,0.264,1013.739,0,0,0.4163,1,0.0,1,0,0.0,1013.739,0,0.0,5.519,1,0,1,IDLE
27,1779177653.108,0,0.6023,0.6375,0.1942,1014.314,0,0,0.4493,1,0.0,1,0,0.0,1014.314,0,0.0,11.199,1,0,1,IDLE
27,1779177653.108,1,0.4688,0.7028,0.074,0.0,42,0,0.5037,1,0.0,1,1,5.952,1014.314,0,0.0,11.199,1,1,0,WAIT
27,1779177653.108,2,0.675,0.5778,0.2637,1014.314,0,0,0.4163,1,0.0,1,0,0.0,1014.314,0,0.0,6.095,1,0,1,IDLE
28,1779177653.669,0,0.6023,0.6375,0.194,1014.875,0,0,0.4493,1,0.0,1,0,0.0,1014.875,0,0.0,11.76,1,0,1,IDLE
28,1779177653.669,1,0.4719,0.7056,0.0757,0.0,46,0,0.5063,1,0.0,1,1,6.512,1014.875,0,0.0,11.76,1,1,0,WAIT
28,1779177653.669,2,0.675,0.5778,0.2635,1014.875,0,0,0.4163,1,0.0,1,0,0.0,1014.875,0,0.0,6.656,1,0,1,IDLE
29,1779177654.229,0,0.6023,0.6389,0.1942,1015.436,0,0,0.4507,1,0.0,1,0,0.0,1015.436,0,0.0,12.32,1,0,1,IDLE
29,1779177654.229,1,0.4664,0.7056,0.0717,0.0,50,0,0.5067,1,0.0,1,1,7.073,1015.436,0,0.0,12.32,1,1,0,WAIT
29,1779177654.229,2,0.675,0.5778,0.2639,1015.436,0,0,0.4163,1,0.0,1,0,0.0,1015.436,0,0.0,7.216,1,0,1,IDLE
30,1779177654.805,0,0.6023,0.6375,0.1949,1016.012,0,0,0.4493,1,0.0,1,0,0.0,1016.012,0,0.0,12.896,1,0,1,IDLE
30,1779177654.805,1,0.468,0.7056,0.0733,0.0,54,0,0.5066,1,0.0,1,1,7.649,1016.012,0,0.0,12.896,1,1,0,WAIT
30,1779177654.805,2,0.675,0.5778,0.2643,1016.012,0,0,0.4163,1,0.0,1,0,0.0,1016.012,0,0.0,7.792,1,0,1,IDLE
31,1779177655.365,0,0.6039,0.6375,0.1962,1016.571,0,0,0.4497,1,0.0,1,0,0.0,1016.571,0,0.0,13.456,1,0,1,IDLE
31,1779177655.365,1,0.4672,0.7056,0.0727,0.0,58,0,0.5066,1,0.0,1,1,8.208,1016.571,0,0.0,13.456,1,1,0,WAIT
31,1779177655.365,2,0.0648,0.3069,0.3603,1016.571,0,0,0.4481,1,0.0,1,0,0.0,1016.571,0,0.5521,0.145,1,0,1,IDLE
32,1779177655.937,0,0.6031,0.6389,0.1947,1017.143,0,0,0.4508,1,0.0,1,0,0.0,1017.143,0,0.0,14.028,1,0,1,IDLE
32,1779177655.937,1,0.4664,0.7069,0.0712,0.0,62,0,0.5081,1,0.0,1,1,8.78,1017.143,0,0.0,14.028,1,1,0,WAIT
32,1779177655.937,2,0.6766,0.5778,0.2649,1017.143,0,0,0.417,1,0.0,1,0,0.0,1017.143,0,1.1015,0.429,1,0,1,IDLE
33,1779177656.501,0,0.6039,0.6375,0.1955,1017.708,0,0,0.4497,1,0.0,1,0,0.0,1017.708,0,0.0,14.592,1,0,1,IDLE
33,1779177656.501,1,0.4664,0.7056,0.0714,0.0,66,0,0.5067,1,0.0,1,1,9.345,1017.708,0,0.0,14.592,1,1,0,WAIT
33,1779177656.501,2,0.0641,0.3056,0.3618,1017.708,0,1,0.4485,1,0.0,1,0,0.0,1017.708,0,2.7705,0.0,1,0,1,IDLE
34,1779177657.077,0,0.6039,0.6375,0.1955,1018.284,0,0,0.4497,1,0.0,1,0,0.0,1018.284,0,0.0,15.168,1,0,1,IDLE
34,1779177657.077,1,0.4664,0.7069,0.0712,0.0,70,0,0.5081,1,0.0,1,1,9.921,1018.284,0,0.0,15.168,1,1,0,WAIT
34,1779177657.077,2,0.6766,0.5778,0.2649,1018.284,0,0,0.417,1,0.0,1,0,0.0,1018.284,0,4.4336,0.145,1,0,1,IDLE
35,1779177657.636,0,0.6039,0.6389,0.1947,1018.843,0,0,0.451,1,0.0,1,0,0.0,1018.843,0,0.0,15.728,1,0,1,IDLE
35,1779177657.636,1,0.468,0.7056,0.0721,0.0,74,0,0.5066,1,0.0,1,1,10.48,1018.843,0,0.0,15.728,1,1,0,WAIT
35,1779177657.636,2,0.6766,0.5778,0.2643,1018.843,0,0,0.417,1,0.0,1,0,0.0,1018.843,0,4.4211,0.144,1,0,1,IDLE
36,1779177658.198,0,0.6039,0.6389,0.1947,1019.405,0,0,0.451,1,0.0,1,0,0.0,1019.405,0,0.0,16.289,1,0,1,IDLE
36,1779177658.198,1,0.4711,0.7056,0.0746,0.0,78,0,0.5064,1,0.0,1,1,11.042,1019.405,0,0.0,16.289,1,1,0,WAIT
36,1779177658.198,2,0.6766,0.5778,0.2643,1019.405,0,0,0.417,1,0.0,1,0,0.0,1019.405,0,3.3023,0.705,1,0,1,IDLE
37,1779177658.768,0,0.6039,0.6389,0.194,1019.975,0,0,0.451,1,0.0,1,0,0.0,1019.975,0,0.0,16.859,1,0,1,IDLE
37,1779177658.768,1,0.4672,0.7069,0.0706,0.0,82,0,0.508,1,0.0,1,1,11.612,1019.975,0,0.0,16.859,1,1,0,WAIT
37,1779177658.768,2,0.6773,0.5778,0.2643,1019.975,0,0,0.4173,1,0.0,1,0,0.0,1019.975,0,1.6454,1.276,1,0,1,IDLE
38,1779177659.333,0,0.6039,0.6389,0.1947,1020.54,0,0,0.451,1,0.0,1,0,0.0,1020.54,0,0.0,17.424,1,0,1,IDLE
38,1779177659.333,1,0.4688,0.7056,0.0727,0.0,86,0,0.5065,1,0.0,1,1,12.177,1020.54,0,0.0,17.424,1,1,0,WAIT
38,1779177659.333,2,0.6773,0.5778,0.2649,1020.54,0,0,0.4173,1,0.0,1,0,0.0,1020.54,0,0.5445,1.84,1,0,1,IDLE
39,1779177659.909,0,0.6055,0.6389,0.1958,1021.116,0,0,0.4514,1,0.0,1,0,0.0,1021.116,0,0.0,18.0,1,0,1,IDLE
39,1779177659.909,1,0.4703,0.7069,0.0735,0.0,90,0,0.5078,1,0.0,1,1,12.753,1021.116,0,0.0,18.0,1,1,0,WAIT
39,1779177659.909,2,0.6781,0.5778,0.2653,1021.116,0,0,0.4177,1,0.0,1,0,0.0,1021.116,0,0.0,2.416,1,0,1,IDLE
40,1779177660.469,0,0.6055,0.6389,0.1566,1021.676,0,0,0.4514,1,0.0,1,0,0.0,1021.676,0,0.0,18.56,1,0,1,IDLE
40,1779177660.469,1,0.4805,0.6972,0.0489,0.0,94,1,0.4976,1,0.0,1,1,13.313,1021.676,0,0.0,0.0,1,1,0,WAIT
40,1779177660.469,2,0.6781,0.5778,0.2238,1021.676,0,0,0.4177,1,0.0,1,0,0.0,1021.676,0,0.0,2.976,1,0,1,IDLE
41,1779177661.045,0,0.6055,0.6389,0.1064,0.0,4,0,0.4514,1,0.0,1,0,0.576,1022.252,0,0.0,19.136,1,1,0,IDLE
41,1779177661.045,1,0.4844,0.6917,0.0123,0.0,98,0,0.4919,1,0.0,1,1,13.889,1022.252,0,0.0,0.576,1,1,0,WAIT
41,1779177661.045,2,0.6781,0.5778,0.1744,1022.252,0,0,0.4177,1,0.0,1,0,0.0,1022.252,0,0.0,3.552,1,0,1,IDLE
42,1779177661.6,0,0.6055,0.6389,0.1202,0.139,6,0,0.4514,1,0.0,1,0,0.849,0.0,2,0.0,19.691,1,1,0,ASK
42,1779177661.6,1,0.4711,0.7347,0.0382,0.0,102,0,0.5355,1,0.0,1,1,14.444,1022.807,0,0.0,0.284,1,1,0,WAIT
42,1779177661.6,2,0.6781,0.5778,0.1872,1022.807,0,0,0.4177,1,0.0,1,0,0.0,1022.807,0,0.0,4.107,1,0,1,IDLE
43,1779177662.165,0,0.6055,0.6389,0.1384,0.704,6,0,0.4514,1,0.0,1,0,0.849,0.565,2,0.0,20.256,1,1,0,ASK
43,1779177662.165,1,0.468,0.7167,0.0369,0.0,106,0,0.5177,1,0.0,1,1,15.009,1023.372,0,0.0,0.849,1,1,0,WAIT
43,1779177662.165,2,0.6781,0.5778,0.2048,1023.372,0,0,0.4177,1,0.0,1,0,0.0,1023.372,0,0.0,4.672,1,0,1,IDLE
44,1779177662.737,0,0.6055,0.6389,0.1137,0.0,8,0,0.4514,1,0.0,1,0,1.134,1.137,2,0.0,20.828,1,1,0,ASK
44,1779177662.737,1,0.5008,0.6306,0.0365,0.0,108,1,0.4306,1,0.0,1,1,15.293,0.429,1,0.8896,0.0,1,1,0,WAIT
44,1779177662.737,2,0.6789,0.5778,0.1717,1023.943,0,0,0.418,1,0.0,1,0,0.0,1023.943,0,0.0,5.244,1,0,1,IDLE
45,1779177663.298,0,0.6094,0.6389,0.0871,0.0,12,0,0.4523,1,0.0,1,0,1.695,1.698,2,0.0,21.389,1,1,0,ASK
45,1779177663.298,1,0.5547,0.5694,0.0342,0.0,112,1,0.3735,1,0.0,1,1,15.855,0.99,1,0.8896,0.0,1,1,0,WAIT
45,1779177663.298,2,0.6789,0.5778,0.1217,1024.505,0,0,0.418,1,0.0,1,0,0.0,1024.505,0,0.0,5.805,1,0,1,IDLE
46,1779177663.877,0,0.6102,0.6431,0.064,0.0,16,0,0.4565,1,0.0,1,0,2.274,2.278,2,0.0,21.968,1,1,0,ASK
46,1779177663.877,1,0.5977,0.6,0.0416,0.0,116,1,0.4117,1,0.0,1,1,16.434,1.569,1,0.8896,0.0,1,1,0,WAIT
46,1779177663.877,2,0.6789,0.5778,0.079,0.0,4,0,0.418,1,0.0,1,0,0.579,1025.084,0,0.0,6.385,1,1,0,IDLE
47,1779177664.436,1,0.593,0.6625,0.0434,0.0,120,0,0.4718,1,0.0,1,1,16.992,2.128,1,0.433,0.288,1,1,0,WAIT
47,1779177664.436,2,0.6789,0.5778,0.0913,0.0,8,0,0.418,1,0.0,1,0,1.138,1025.643,0,0.0,6.943,1,1,0,IDLE
48,1779177665.012,0,0.6203,0.6431,0.0507,0.0,22,0,0.4591,1,0.0,1,0,3.116,3.412,2,0.0,0.287,1,1,0,ASK
48,1779177665.012,1,0.5891,0.6708,0.0427,0.0,124,0,0.4792,1,0.0,1,1,17.568,2.704,1,0.0,0.864,1,1,0,WAIT
48,1779177665.012,2,0.6789,0.5778,0.0948,0.0,12,0,0.418,1,0.0,1,0,1.713,1026.218,0,0.0,7.519,1,1,0,IDLE
49,1779177665.574,1,0.5938,0.6819,0.0435,0.0,128,0,0.491,1,0.0,1,1,18.13,3.266,1,0.0,1.426,1,1,0,WAIT
49,1779177665.574,2,0.6789,0.5778,0.0898,0.0,16,0,0.418,1,0.0,1,0,2.276,1026.78,0,0.0,8.081,1,1,0,IDLE
50,1779177666.133,0,0.643,0.6431,0.0557,0.0,27,0,0.4656,1,0.0,1,0,3.808,4.533,2,0.0,0.273,1,1,0,ASK
50,1779177666.133,1,0.6,0.7042,0.0449,0.0,132,0,0.514,1,0.0,1,1,18.689,3.825,1,0.0,1.985,1,1,0,WAIT
50,1779177666.133,2,0.6922,0.5792,0.0994,0.0,20,0,0.4251,1,0.0,1,0,2.835,1027.34,0,0.0,0.273,1,1,0,IDLE
51,1779177666.709,1,0.957,0.3167,0.3423,0.29,134,0,0.4717,1,0.0,2,0,18.976,0.143,2,0.3557,0.143,1,1,0,ASK
51,1779177666.709,2,0.6922,0.5792,0.0795,0.0,24,0,0.4251,1,0.0,2,1,3.41,1027.915,0,0.0,0.849,1,1,0,WAIT
52,1779177667.271,0,0.6195,0.575,0.0564,0.0,28,1,0.3936,1,0.0,1,0,3.958,5.671,2,0.0391,0.0,1,1,0,ASK
52,1779177667.271,1,0.6023,0.6319,0.0269,0.0,137,1,0.4439,1,0.0,1,1,19.395,0.706,2,0.761,0.0,1,1,0,WAIT
52,1779177667.271,2,0.6922,0.5792,0.1089,0.0,28,0,0.4251,1,0.0,1,0,3.973,1028.478,0,0.0,1.411,1,1,0,IDLE
53,1779177667.84,0,0.6188,0.6389,0.0467,0.0,32,0,0.4547,1,0.0,1,0,4.527,6.24,2,0.0704,0.427,1,1,0,ASK
53,1779177667.84,1,0.5977,0.6917,0.0281,0.0,141,0,0.5013,1,0.0,1,1,19.963,1.274,2,0.761,0.427,1,1,0,WAIT
53,1779177667.84,2,0.6922,0.5792,0.117,0.0,32,0,0.4251,1,0.0,1,0,4.541,1029.046,0,0.0,1.98,1,1,0,IDLE
54,1779177668.405,0,0.6188,0.6403,0.0652,0.0,36,0,0.456,1,0.0,1,0,5.092,6.805,2,0.0704,0.992,1,1,0,ASK
54,1779177668.405,1,0.5852,0.7194,0.031,0.0,145,0,0.5264,1,0.0,1,1,20.528,1.839,2,0.761,0.992,1,1,0,WAIT
54,1779177668.405,2,0.6922,0.5792,0.1358,0.417,33,0,0.4251,1,0.0,1,0,4.69,0.288,1,0.0,2.545,1,1,0,ASK
55,1779177668.981,0,0.6195,0.6403,0.0646,0.0,40,0,0.4562,1,0.0,1,0,5.668,7.381,2,0.0704,1.568,1,1,0,ASK
55,1779177668.981,1,0.5852,0.7167,0.0304,0.0,149,0,0.5236,1,0.0,1,1,21.104,2.416,2,0.0491,1.568,1,1,0,WAIT
55,1779177668.981,2,0.6922,0.5792,0.1346,0.993,33,0,0.4251,1,0.0,1,0,4.69,0.865,1,0.0,3.121,1,1,0,ASK
56,1779177669.541,0,0.6195,0.6389,0.0646,0.0,44,0,0.4549,1,0.0,1,0,6.228,7.941,2,0.0,2.128,1,1,0,ASK
56,1779177669.541,1,0.5852,0.7153,0.0304,0.0,153,0,0.5223,1,0.0,1,1,21.665,2.976,2,0.0,2.128,1,1,0,WAIT
56,1779177669.541,2,0.6922,0.5792,0.1343,1.553,33,0,0.4251,1,0.0,1,0,4.69,1.425,1,0.0,3.681,1,1,0,ASK
57,1779177670.101,0,0.6188,0.6403,0.064,0.0,48,0,0.456,1,0.0,1,0,6.788,8.501,2,0.0,2.688,1,1,0,ASK
57,1779177670.101,1,0.5836,0.7167,0.0291,0.0,157,0,0.5234,1,0.0,1,1,22.224,3.535,2,0.0,2.688,1,1,0,WAIT
57,1779177670.101,2,0.6922,0.5792,0.1346,2.113,33,0,0.4251,1,0.0,1,0,4.69,1.984,1,0.0,4.241,1,1,0,ASK
58,1779177670.677,0,0.6211,0.6389,0.0643,0.0,52,0,0.4553,1,0.0,1,0,7.364,9.077,2,0.0,3.265,1,1,0,ASK
58,1779177670.677,1,0.5867,0.7181,0.03,0.0,161,0,0.5253,1,0.0,1,1,22.801,4.112,2,0.0,3.265,1,1,0,WAIT
58,1779177670.677,2,0.6937,0.5792,0.134,2.689,33,0,0.4258,1,0.0,1,0,4.69,2.561,1,0.0,4.817,1,1,0,ASK
59,1779177671.236,0,0.6211,0.6389,0.0646,0.0,56,0,0.4553,1,0.0,1,0,7.923,9.636,2,0.0,3.823,1,1,0,ASK
59,1779177671.236,1,0.5867,0.7194,0.03,0.0,165,0,0.5266,1,0.0,1,1,23.359,4.671,2,0.0,3.823,1,1,0,WAIT
59,1779177671.236,2,0.6937,0.5792,0.1343,3.248,33,0,0.4258,1,0.0,1,0,4.69,3.12,1,0.0,5.376,1,1,0,ASK
60,1779177671.813,0,0.6227,0.6389,0.0785,0.0,60,0,0.4557,1,0.0,1,0,8.5,10.213,2,0.0,4.4,1,1,0,IDLE
60,1779177671.813,1,0.5633,0.6694,0.028,0.0,169,1,0.4737,1,0.0,1,1,23.937,5.248,2,0.0,0.0,1,1,0,WAIT
60,1779177671.813,2,0.6937,0.5792,0.1447,3.825,33,0,0.4258,1,0.0,1,0,4.69,3.697,1,0.0,5.953,1,1,0,ASK
61,1779177672.373,0,0.6211,0.6389,0.1253,0.146,63,0,0.4553,1,0.0,1,0,8.914,0.0,3,0.0,4.96,1,1,0,ASK
61,1779177672.373,1,0.475,0.7208,0.0402,0.0,173,1,0.5214,1,0.0,1,1,24.496,5.807,2,0.0392,0.0,1,1,0,WAIT
61,1779177672.373,2,0.6945,0.5792,0.1915,4.385,33,0,0.4262,1,0.0,1,0,4.69,4.257,1,0.0,6.513,1,1,0,ASK
62,1779177672.933,0,0.6219,0.6389,0.1512,0.706,63,0,0.4555,1,0.0,0,1,8.914,0.56,3,0.0,5.52,1,1,0,ASK
62,1779177672.933,1,0.9586,0.3167,0.4765,0.421,174,0,0.4732,1,0.0,0,0,24.635,0.272,3,0.5116,0.272,1,1,0,ASK
62,1779177672.933,2,0.6953,0.5792,0.219,4.945,33,0,0.4265,1,0.0,0,0,4.69,4.816,1,0.0,7.073,1,1,0,ASK
63,1779177673.508,0,0.6219,0.6389,0.1529,1.281,63,0,0.4555,1,0.0,0,1,8.914,1.135,3,0.0,6.095,1,1,0,ASK
63,1779177673.508,1,0.9586,0.3167,0.4787,0.997,174,0,0.4732,1,0.0,0,0,24.635,0.847,3,0.5116,0.847,1,1,0,ASK
63,1779177673.508,2,0.6953,0.5792,0.2209,5.52,33,0,0.4265,1,0.0,0,0,4.69,5.392,1,0.0,7.648,1,1,0,ASK
64,1779177674.069,0,0.6219,0.6389,0.1523,1.842,63,0,0.4555,1,0.0,0,1,8.914,1.696,3,0.0,6.656,1,1,0,ASK
64,1779177674.069,1,0.9586,0.3167,0.4783,1.558,174,0,0.4732,1,0.0,0,0,24.635,1.408,3,0.5116,1.408,1,1,0,ASK
64,1779177674.069,2,0.6953,0.5792,0.2204,6.081,33,0,0.4265,1,0.0,0,0,4.69,5.953,1,0.0,8.209,1,1,0,ASK
65,1779177674.643,0,0.6219,0.6389,0.1539,2.416,63,0,0.4555,1,0.0,1,0,8.914,2.27,3,0.0,7.23,1,1,0,ASK
65,1779177674.643,1,0.4703,0.6264,0.0335,0.0,175,1,0.4274,1,0.0,1,1,24.778,1.982,3,0.4519,0.0,1,1,0,WAIT
65,1779177674.643,2,0.6953,0.5792,0.2222,6.655,33,0,0.4265,1,0.0,1,0,4.69,6.527,1,0.0,8.783,1,1,0,ASK
66,1779177675.201,0,0.6227,0.6389,0.1643,2.974,63,0,0.4557,1,0.0,1,0,8.914,2.829,3,0.0,7.789,1,1,0,ASK
66,1779177675.201,1,0.4688,0.6819,0.0286,0.0,179,0,0.483,1,0.0,1,1,25.336,2.54,3,0.4519,0.414,1,1,0,WAIT
66,1779177675.201,2,0.6953,0.5792,0.2319,7.213,33,0,0.4265,1,0.0,1,0,4.69,7.085,1,0.0,9.341,1,1,0,ASK
67,1779177675.78,0,0.6328,0.6389,0.2296,3.553,63,0,0.4585,1,0.0,1,0,8.914,3.407,3,0.0,8.368,1,1,0,ASK
67,1779177675.78,1,0.4828,0.6806,0.0975,0.0,183,0,0.4809,1,0.0,1,1,25.915,3.119,3,0.4519,0.993,1,1,0,WAIT
67,1779177675.78,2,0.7063,0.5792,0.2973,7.792,33,0,0.4316,1,0.0,1,0,4.69,7.664,1,0.0,9.92,1,1,0,ASK
68,1779177676.341,0,0.6328,0.6389,0.2227,4.115,63,0,0.4585,1,0.0,1,0,8.914,3.969,3,0.0,8.929,1,1,0,ASK
68,1779177676.341,1,0.4828,0.6806,0.0907,0.0,187,0,0.4809,1,0.0,1,1,26.476,3.681,3,0.4519,1.554,1,1,0,WAIT
68,1779177676.341,2,0.7063,0.5792,0.2905,8.354,33,0,0.4316,1,0.0,1,0,4.69,8.225,1,0.0,10.482,1,1,0,ASK
69,1779177676.9,0,0.6328,0.6389,0.207,4.673,63,0,0.4585,1,0.0,1,0,8.914,4.527,3,0.0,9.487,1,1,0,ASK
69,1779177676.9,1,0.4836,0.6806,0.0777,0.0,191,0,0.4808,1,0.0,1,1,27.035,4.239,3,0.0,2.113,1,1,0,WAIT
69,1779177676.9,2,0.7063,0.5792,0.2767,8.912,33,0,0.4316,1,0.0,1,0,4.69,8.784,1,0.0,11.04,1,1,0,ASK
70,1779177677.477,0,0.6328,0.6389,0.2116,5.25,63,0,0.4585,1,0.0,1,0,8.914,5.104,3,0.0,10.064,1,1,0,ASK
70,1779177677.477,1,0.4836,0.6806,0.0815,0.0,195,0,0.4808,1,0.0,1,1,27.612,4.816,3,0.0,2.69,1,1,0,WAIT
70,1779177677.477,2,0.7063,0.5792,0.2811,9.489,33,0,0.4316,1,0.0,1,0,4.69,9.361,1,0.0,11.617,1,1,0,ASK
71,1779177678.032,0,0.6328,0.6389,0.2116,5.805,63,0,0.4585,1,0.0,1,0,8.914,5.659,3,0.0,10.619,1,1,0,ASK
71,1779177678.032,1,0.4828,0.6806,0.0808,0.0,199,0,0.4809,1,0.0,1,1,28.167,5.371,3,0.0,3.245,1,1,0,WAIT
71,1779177678.032,2,0.7063,0.5792,0.2811,10.044,33,0,0.4316,1,0.0,1,0,4.69,9.916,1,0.0,12.172,1,1,0,ASK
72,1779177678.613,0,0.6328,0.6389,0.2116,6.386,63,0,0.4585,1,0.0,1,0,8.914,6.24,3,0.0,11.201,1,1,0,ASK
72,1779177678.613,1,0.4828,0.6806,0.0808,0.0,203,0,0.4809,1,0.0,1,1,28.748,5.952,3,0.0,3.826,1,1,0,WAIT
72,1779177678.613,2,0.7063,0.5792,0.2811,10.625,33,0,0.4316,1,0.0,1,0,4.69,10.497,1,0.0,12.753,1,1,0,IDLE
73,1779177679.172,0,0.6328,0.6389,0.2116,6.945,63,0,0.4585,1,0.0,1,0,8.914,6.799,3,0.0,11.759,1,1,0,ASK
73,1779177679.172,1,0.4836,0.6806,0.0815,0.0,207,0,0.4808,1,0.0,1,1,29.306,6.511,3,0.0,4.384,1,1,0,WAIT
73,1779177679.172,2,0.7063,0.5792,0.2811,11.184,33,0,0.4316,1,0.0,1,0,4.69,11.055,1,0.0,13.312,1,1,0,IDLE
74,1779177679.748,0,0.6336,0.6389,0.2127,7.521,63,0,0.4588,1,0.0,1,0,8.914,7.375,3,0.0,12.335,1,1,0,ASK
74,1779177679.748,1,0.4836,0.6806,0.0818,0.0,211,0,0.4808,1,0.0,1,1,29.883,7.087,3,0.0,4.961,1,1,0,WAIT
74,1779177679.748,2,0.7063,0.5792,0.2816,11.76,33,0,0.4316,1,0.0,1,0,4.69,11.632,1,0.0,13.888,1,1,0,IDLE
75,1779177680.305,0,0.6336,0.6389,0.2129,8.079,63,0,0.4588,1,0.0,1,0,8.914,7.933,3,0.0,12.893,1,1,0,ASK
75,1779177680.305,1,0.4836,0.6806,0.0821,0.0,215,0,0.4808,1,0.0,1,1,30.44,7.645,3,0.0,5.518,1,1,0,WAIT
75,1779177680.305,2,0.7063,0.5792,0.2818,12.318,33,0,0.4316,1,0.0,1,0,4.69,12.189,1,0.0,14.446,1,1,0,IDLE
76,1779177680.87,0,0.6336,0.6389,0.2127,8.643,63,0,0.4588,1,0.0,1,0,8.914,8.497,3,0.0,13.457,1,1,0,ASK
76,1779177680.87,1,0.4836,0.6806,0.0818,0.0,219,0,0.4808,1,0.0,1,1,31.005,8.209,3,0.0,6.082,1,1,0,WAIT
76,1779177680.87,2,0.7063,0.5792,0.2816,12.882,33,0,0.4316,1,0.0,1,0,4.69,12.753,1,0.0,15.01,1,1,0,IDLE
77,1779177681.444,0,0.6328,0.6389,0.2114,9.217,63,0,0.4585,1,0.0,1,0,8.914,9.071,3,0.0,14.032,1,1,0,ASK
77,1779177681.444,1,0.4836,0.6806,0.0812,0.0,223,0,0.4808,1,0.0,1,1,31.579,8.783,3,0.0,6.657,1,1,0,WAIT
77,1779177681.444,2,0.707,0.5792,0.2816,13.456,33,0,0.432,1,0.0,1,0,4.69,13.328,1,0.0,15.584,1,1,0,IDLE
78,1779177682.004,0,0.6336,0.6389,0.2127,9.777,63,0,0.4588,1,0.0,1,0,8.914,9.632,3,0.0,14.592,1,1,0,ASK
78,1779177682.004,1,0.4836,0.6806,0.0818,0.0,227,0,0.4808,1,0.0,1,1,32.139,9.343,3,0.0,7.217,1,1,0,WAIT
78,1779177682.004,2,0.707,0.5792,0.2822,14.016,33,0,0.432,1,0.0,1,0,4.69,13.888,1,0.0,16.144,1,1,0,IDLE
79,1779177682.581,0,0.6336,0.6389,0.2127,10.354,63,0,0.4588,1,0.0,1,0,8.914,10.208,3,0.0,15.168,1,1,0,IDLE
79,1779177682.581,1,0.4836,0.6806,0.0818,0.0,231,0,0.4808,1,0.0,1,1,32.716,9.92,3,0.0,7.794,1,1,0,WAIT
79,1779177682.581,2,0.707,0.5792,0.2822,14.593,33,0,0.432,1,0.0,1,0,4.69,14.465,1,0.0,16.721,1,1,0,IDLE
80,1779177683.14,0,0.6336,0.6389,0.212,10.914,63,0,0.4588,1,0.0,1,0,8.914,10.768,3,0.0,15.728,1,1,0,IDLE
80,1779177683.14,1,0.4836,0.6806,0.0812,0.0,235,0,0.4808,1,0.0,1,1,33.275,10.48,3,0.0,8.353,1,1,0,WAIT
80,1779177683.14,2,0.707,0.5792,0.2816,15.153,33,0,0.432,1,0.0,1,0,4.69,15.024,1,0.0,17.281,1,1,0,IDLE
81,1779177683.716,0,0.6328,0.6389,0.2114,11.489,63,0,0.4585,1,0.0,1,0,8.914,11.343,3,0.0,16.303,1,1,0,IDLE
81,1779177683.716,1,0.4836,0.6806,0.0812,0.0,239,0,0.4808,1,0.0,1,1,33.851,11.055,3,0.0,8.929,1,1,0,WAIT
81,1779177683.716,2,0.707,0.5792,0.2816,15.728,33,0,0.432,1,0.0,1,0,4.69,15.6,1,0.0,17.856,1,1,0,IDLE
82,1779177684.276,0,0.6336,0.6389,0.1794,12.049,63,0,0.4588,1,0.0,1,0,8.914,11.904,3,0.0,16.864,1,1,0,IDLE
82,1779177684.276,1,0.4781,0.6806,0.0425,0.0,243,0,0.4811,1,0.0,1,1,34.411,11.615,3,0.0,0.144,1,1,0,WAIT
82,1779177684.276,2,0.707,0.5792,0.2481,16.288,33,0,0.432,1,0.0,1,0,4.69,16.16,1,0.0,18.416,1,1,0,IDLE
83,1779177684.837,0,0.6336,0.6389,0.1519,12.61,63,0,0.4588,1,0.0,1,0,8.914,12.464,3,0.0,17.425,1,1,0,IDLE
83,1779177684.837,1,0.4859,0.6486,0.0381,0.0,247,0,0.4488,1,0.0,1,1,34.972,12.176,3,0.0,0.129,1,1,0,WAIT
83,1779177684.837,2,0.707,0.5792,0.2216,16.849,33,0,0.432,1,0.0,1,0,4.69,16.721,1,0.0,18.977,1,1,0,IDLE
84,1779177685.412,0,0.6336,0.6389,0.1565,13.185,63,0,0.4588,1,0.0,1,0,8.914,13.039,3,0.0,17.999,1,1,0,IDLE
84,1779177685.412,1,0.4758,0.6375,0.0362,0.0,251,0,0.4382,1,0.0,1,1,35.547,12.751,3,0.0,0.704,1,1,0,WAIT
84,1779177685.412,2,0.707,0.5792,0.2257,17.424,33,0,0.432,1,0.0,1,0,4.69,17.296,1,0.0,19.552,1,1,0,IDLE
85,1779177685.973,0,0.6336,0.6389,0.1262,13.746,63,0,0.4588,1,0.0,1,0,8.914,13.6,3,0.0,18.56,1,1,0,IDLE
85,1779177685.973,1,0.5023,0.5403,0.0351,0.0,255,1,0.3403,1,0.0,1,1,36.108,13.312,3,0.0,0.0,1,1,0,WAIT
85,1779177685.973,2,0.707,0.5792,0.1898,17.985,33,0,0.432,1,0.0,1,0,4.69,17.856,1,0.0,20.113,1,1,0,IDLE
86,1779177686.548,0,0.6453,0.6389,0.0684,0.0,67,0,0.4623,1,0.0,1,0,9.49,14.176,3,0.0,19.136,1,1,0,IDLE
86,1779177686.548,1,0.5836,0.6083,0.0261,0.0,259,1,0.4168,1,0.0,1,1,36.683,13.888,3,0.0356,0.0,1,1,0,WAIT
86,1779177686.548,2,0.707,0.5792,0.1271,18.561,33,0,0.432,1,0.0,1,0,4.69,18.432,1,0.0,20.689,1,1,0,IDLE
87,1779177687.109,0,0.6336,0.6389,0.1023,0.0,71,0,0.4588,1,0.0,1,0,10.05,14.736,3,0.0,19.696,1,1,0,IDLE
87,1779177687.109,1,0.5875,0.7653,0.0296,0.0,263,1,0.572,1,0.0,1,1,37.244,14.448,3,0.0733,0.0,1,1,0,WAIT
87,1779177687.109,2,0.707,0.5792,0.168,19.121,33,0,0.432,1,0.0,1,0,4.69,18.993,1,0.0,21.249,1,1,0,IDLE
88,1779177687.683,0,0.6375,0.6389,0.1024,0.0,75,0,0.4599,1,0.0,1,0,10.624,15.31,3,0.0,20.271,1,1,0,IDLE
88,1779177687.683,1,0.5922,0.7625,0.0309,0.0,267,0,0.57,1,0.0,1,1,37.818,15.022,3,0.0733,0.574,1,1,0,WAIT
88,1779177687.683,2,0.7117,0.5792,0.1685,19.695,33,0,0.4343,1,0.0,1,0,4.69,19.567,1,0.0,21.823,1,1,0,IDLE
89,1779177688.244,0,0.6383,0.6389,0.103,0.0,79,0,0.4602,1,0.0,1,0,11.185,15.871,3,0.0,20.831,1,1,0,IDLE
89,1779177688.244,1,0.593,0.7625,0.0313,0.0,271,0,0.5701,1,0.0,1,1,38.379,15.583,3,0.0733,1.135,1,1,0,WAIT
89,1779177688.244,2,0.7117,0.5792,0.1684,20.256,33,0,0.4343,1,0.0,1,0,4.69,20.128,1,0.0,22.384,1,1,0,IDLE
90,1779177688.804,0,0.6383,0.6389,0.1028,0.0,83,0,0.4602,1,0.0,1,0,11.745,16.431,3,0.0,21.391,1,1,0,IDLE
90,1779177688.804,1,0.593,0.7611,0.0318,0.0,275,0,0.5688,1,0.0,1,1,38.939,16.143,3,0.0,1.695,1,1,0,WAIT
90,1779177688.804,2,0.7117,0.5792,0.1685,20.816,33,0,0.4343,1,0.0,1,0,4.69,20.688,1,0.0,22.944,1,1,0,IDLE
91,1779177689.381,0,0.6391,0.6389,0.1038,0.0,87,0,0.4604,1,0.0,1,0,12.322,17.008,3,0.0,21.968,1,1,0,IDLE
91,1779177689.381,1,0.5938,0.7653,0.0315,0.0,279,0,0.573,1,0.0,1,1,39.515,16.72,3,0.0,2.272,1,1,0,WAIT
91,1779177689.381,2,0.7117,0.5792,0.1689,21.393,33,0,0.4343,1,0.0,1,0,4.69,21.264,1,0.0,23.521,1,1,0,IDLE
92,1779177689.941,0,0.6391,0.6389,0.1038,0.0,91,0,0.4604,1,0.0,1,0,12.882,17.568,3,0.0,22.528,1,1,0,IDLE
92,1779177689.941,1,0.5938,0.7597,0.0333,0.0,283,0,0.5675,1,0.0,1,1,40.076,17.28,3,0.0,2.832,1,1,0,WAIT
92,1779177689.941,2,0.7117,0.5792,0.1689,21.953,33,0,0.4343,1,0.0,1,0,4.69,21.825,1,0.0,24.081,1,1,0,IDLE
93,1779177690.515,0,0.6391,0.6389,0.1038,0.0,95,0,0.4604,1,0.0,1,0,13.456,18.142,3,0.0,23.102,1,1,0,IDLE
93,1779177690.515,1,0.5938,0.7639,0.0319,0.0,287,0,0.5716,1,0.0,1,1,40.65,17.854,3,0.0,3.406,1,1,0,WAIT
93,1779177690.515,2,0.7117,0.5792,0.1689,22.527,33,0,0.4343,1,0.0,1,0,4.69,22.399,1,0.0,24.655,1,1,0,IDLE
94,1779177691.077,0,0.6391,0.6389,0.1038,0.0,99,0,0.4604,1,0.0,1,0,14.018,18.704,3,0.0,23.664,1,1,0,IDLE
94,1779177691.077,1,0.593,0.7639,0.0314,0.0,291,0,0.5715,1,0.0,1,1,41.212,18.416,3,0.0,3.968,1,1,0,WAIT
94,1779177691.077,2,0.7117,0.5792,0.1689,23.089,33,0,0.4343,1,0.0,1,0,4.69,22.961,1,0.0,25.217,1,1,0,IDLE
95,1779177691.635,0,0.6391,0.6389,0.1038,0.0,103,0,0.4604,1,0.0,1,0,14.576,19.262,3,0.0,24.222,1,1,0,IDLE
95,1779177691.635,1,0.5938,0.7625,0.0323,0.0,295,0,0.5703,1,0.0,1,1,41.77,18.974,3,0.0,4.526,1,1,0,WAIT
95,1779177691.635,2,0.7117,0.5792,0.1689,23.647,33,0,0.4343,1,0.0,1,0,4.69,23.519,1,0.0,25.775,1,1,0,IDLE
96,1779177692.212,0,0.6406,0.6389,0.0834,0.0,107,0,0.4609,1,0.0,1,0,15.153,19.839,3,0.0,24.799,1,1,0,IDLE
96,1779177692.212,1,0.5664,0.6306,0.0421,0.0,299,1,0.4356,1,0.0,1,1,42.347,19.551,3,0.0459,0.0,1,1,0,WAIT
96,1779177692.212,2,0.7117,0.5792,0.152,24.224,33,0,0.4343,1,0.0,1,0,4.69,24.095,1,0.0,26.352,1,1,0,IDLE
97,1779177692.773,0,0.6391,0.6389,0.0828,0.0,111,0,0.4604,1,0.0,1,0,15.715,20.4,3,0.0,25.361,1,1,0,IDLE
97,1779177692.773,1,0.5523,0.5694,0.0428,0.0,303,0,0.3731,1,0.0,1,1,42.908,20.112,3,0.0459,0.272,1,1,0,WAIT
97,1779177692.773,2,0.7117,0.5792,0.1505,24.785,33,0,0.4343,1,0.0,1,0,4.69,24.657,1,0.0,26.913,1,1,0,IDLE
98,1779177693.343,0,0.6391,0.6389,0.0797,0.0,115,0,0.4604,1,0.0,1,0,16.285,20.97,3,0.0,25.931,1,1,0,IDLE
98,1779177693.343,1,0.5563,0.5514,0.0402,0.0,307,0,0.3559,1,0.0,1,1,43.478,20.682,3,0.0459,0.842,1,1,0,WAIT
98,1779177693.343,2,0.7117,0.5792,0.1453,25.355,33,0,0.4343,1,0.0,1,0,4.69,25.227,1,0.0,27.483,1,1,0,IDLE
99,1779177693.908,0,0.6391,0.6389,0.0777,0.0,119,0,0.4604,1,0.0,1,0,16.85,21.536,3,0.0,26.496,1,1,0,IDLE
99,1779177693.908,1,0.5609,0.5611,0.0413,0.0,311,0,0.3662,1,0.0,1,1,44.043,21.248,3,0.0459,1.408,1,1,0,WAIT
99,1779177693.908,2,0.7117,0.5792,0.1444,25.921,33,0,0.4343,1,0.0,1,0,4.69,25.792,1,0.0,28.049,1,1,0,IDLE
100,1779177694.485,0,0.6383,0.6389,0.0757,0.0,123,0,0.4602,1,0.0,1,0,17.426,22.112,3,0.0,27.072,1,1,0,IDLE
100,1779177694.485,1,0.5625,0.5639,0.042,0.0,315,0,0.3692,1,0.0,1,1,44.62,21.824,3,0.0,1.984,1,1,0,WAIT
100,1779177694.485,2,0.7117,0.5792,0.1435,26.497,33,0,0.4343,1,0.0,1,0,4.69,26.369,1,0.0,28.625,1,1,0,IDLE
101,1779177695.043,0,0.6383,0.6389,0.0771,0.0,127,0,0.4602,1,0.0,1,0,17.985,22.671,3,0.0,27.631,1,1,0,IDLE
101,1779177695.043,1,0.5625,0.5653,0.0416,0.0,319,0,0.3706,1,0.0,1,1,45.178,22.383,3,0.0,2.543,1,1,0,WAIT
101,1779177695.043,2,0.7117,0.5792,0.1448,27.056,33,0,0.4343,1,0.0,1,0,4.69,26.927,1,0.0,29.184,1,1,0,IDLE
102,1779177695.604,0,0.6391,0.6389,0.0821,0.0,131,0,0.4604,1,0.0,1,0,18.545,23.231,3,0.0,28.192,1,1,0,IDLE
102,1779177695.604,1,0.5594,0.5722,0.0427,0.0,323,0,0.3769,1,0.0,1,1,45.739,22.943,3,0.0,3.103,1,1,0,WAIT
102,1779177695.604,2,0.7117,0.5792,0.1498,27.616,33,0,0.4343,1,0.0,1,0,4.69,27.488,1,0.0,29.744,1,1,0,IDLE
103,1779177696.179,0,0.6391,0.6389,0.0829,0.0,135,0,0.4604,1,0.0,1,0,19.121,23.807,3,0.0,28.767,1,1,0,IDLE
103,1779177696.179,1,0.5586,0.575,0.0427,0.0,327,0,0.3796,1,0.0,1,1,46.314,23.518,3,0.0,3.679,1,1,0,WAIT
103,1779177696.179,2,0.7117,0.5792,0.1508,28.191,33,0,0.4343,1,0.0,1,0,4.69,28.063,1,0.0,30.319,1,1,0,IDLE
104,1779177696.741,0,0.6391,0.6389,0.0779,0.0,139,0,0.4604,1,0.0,1,0,19.682,24.368,3,0.0,29.328,1,1,0,IDLE
104,1779177696.741,1,0.5594,0.5764,0.0383,0.0,331,0,0.381,1,0.0,1,1,46.876,24.08,3,0.0,4.24,1,1,0,WAIT
104,1779177696.741,2,0.7117,0.5792,0.1455,28.753,33,0,0.4343,1,0.0,1,0,4.69,28.625,1,0.0,30.881,1,1,0,IDLE
105,1779177697.317,0,0.6391,0.6389,0.0829,0.0,143,0,0.4604,1,0.0,1,0,20.258,24.944,3,0.0,29.904,1,1,0,IDLE
105,1779177697.317,1,0.5594,0.5764,0.0422,0.0,335,0,0.381,1,0.0,1,1,47.452,24.656,3,0.0,4.816,1,1,0,WAIT
105,1779177697.317,2,0.7117,0.5792,0.1508,29.329,33,0,0.4343,1,0.0,1,0,4.69,29.201,1,0.0,31.457,1,1,0,IDLE
106,1779177697.877,0,0.6391,0.6389,0.0823,0.0,147,0,0.4604,1,0.0,1,0,20.819,25.505,3,0.0,30.465,1,1,0,IDLE
106,1779177697.877,1,0.5602,0.5778,0.0422,0.0,339,0,0.3825,1,0.0,1,1,48.012,25.216,3,0.0,5.377,1,1,0,WAIT
106,1779177697.877,2,0.7117,0.5792,0.1503,29.89,33,0,0.4343,1,0.0,1,0,4.69,29.761,1,0.0,32.018,1,1,0,IDLE
107,1779177698.453,0,0.6391,0.6389,0.0818,0.0,151,0,0.4604,1,0.0,1,0,21.394,26.08,3,0.0,31.04,1,1,0,IDLE
107,1779177698.453,1,0.5609,0.5792,0.0422,0.0,343,0,0.384,1,0.0,1,1,48.588,25.792,3,0.0,5.952,1,1,0,WAIT
107,1779177698.453,2,0.7125,0.5792,0.1505,30.465,33,0,0.4347,1,0.0,1,0,4.69,30.337,1,0.0,32.593,1,1,0,IDLE
108,1779177699.013,0,0.6391,0.6389,0.0811,0.0,155,0,0.4604,1,0.0,1,0,21.954,26.64,3,0.0,31.6,1,1,0,IDLE
108,1779177699.013,1,0.5617,0.5792,0.0422,0.0,347,0,0.3842,1,0.0,1,1,49.148,26.352,3,0.0,6.512,1,1,0,WAIT
108,1779177699.013,2,0.7125,0.5792,0.1498,31.025,33,0,0.4347,1,0.0,1,0,4.69,30.897,1,0.0,33.153,1,1,0,IDLE
109,1779177699.572,0,0.6414,0.6389,0.085,0.0,159,0,0.4611,1,0.0,1,0,22.513,27.199,3,0.0,32.159,1,1,0,IDLE
109,1779177699.572,1,0.5633,0.5764,0.0434,0.0,351,0,0.3817,1,0.0,1,1,49.707,26.911,3,0.0,7.071,1,1,0,WAIT
109,1779177699.572,2,0.7148,0.5792,0.1534,31.584,33,0,0.4358,1,0.0,1,0,4.69,31.456,1,0.0,33.712,1,1,0,IDLE
110,1779177700.149,0,0.6414,0.6389,0.105,0.0,163,0,0.4611,1,0.0,1,0,23.09,27.776,3,0.0,32.736,1,1,0,IDLE
110,1779177700.149,1,0.5312,0.5736,0.0378,0.0,355,1,0.3749,1,0.0,1,1,50.284,27.488,3,0.0,0.0,1,1,0,WAIT
110,1779177700.149,2,0.7148,0.5792,0.1723,32.161,33,0,0.4358,1,0.0,1,0,4.69,32.033,1,0.0,34.289,1,1,0,IDLE
111,1779177700.709,0,0.6414,0.6389,0.1448,0.417,164,0,0.4611,1,0.0,1,0,23.233,0.273,4,0.0,33.296,1,1,0,ASK
111,1779177700.709,1,0.4867,0.6569,0.0422,0.0,359,0,0.4571,1,0.0,1,1,50.844,28.048,3,0.0,0.273,1,1,0,WAIT
111,1779177700.709,2,0.7148,0.5792,0.2151,32.721,33,0,0.4358,1,0.0,1,0,4.69,32.592,1,0.0,34.849,1,1,0,IDLE
112,1779177701.284,0,0.6414,0.6389,0.155,0.992,164,0,0.4611,1,0.0,1,0,23.233,0.848,4,0.0,33.871,1,1,0,ASK
112,1779177701.284,1,0.4898,0.6639,0.0381,0.0,363,0,0.464,1,0.0,1,1,51.419,28.623,3,0.0,0.848,1,1,0,WAIT
112,1779177701.284,2,0.7148,0.5792,0.2251,33.296,33,0,0.4358,1,0.0,1,0,4.69,33.168,1,0.0,35.424,1,1,0,IDLE
113,1779177701.844,0,0.6422,0.6389,999.0,1.553,164,0,0.4613,1,0.0,-1,0,23.233,1.408,4,0.0,34.432,1,1,0,ASK
113,1779177701.844,1,0.4945,0.7014,999.0,0.145,366,0,0.5014,1,0.0,-1,0,51.835,0.0,4,0.0,0.287,1,1,0,ASK
113,1779177701.844,2,0.7148,0.5792,999.0,33.857,33,0,0.4358,1,0.0,-1,0,4.69,33.728,1,0.0,35.985,1,1,0,IDLE
114,1779177702.42,0,0.6438,0.6389,999.0,2.128,164,0,0.4618,1,0.0,-1,0,23.233,1.984,4,0.0,35.007,1,1,0,ASK
114,1779177702.42,1,0.4961,0.7014,999.0,0.72,366,0,0.5014,1,0.0,-1,0,51.835,0.575,4,0.0,0.862,1,1,0,ASK
114,1779177702.42,2,0.7172,0.5792,999.0,34.432,33,0,0.437,1,0.0,-1,0,4.69,34.304,1,0.0,36.56,1,1,0,IDLE
115,1779177702.979,0,0.6453,0.6389,999.0,2.688,164,0,0.4623,1,0.0,-1,0,23.233,2.543,4,0.0,35.567,1,1,0,ASK
115,1779177702.979,1,0.4977,0.7014,999.0,1.28,366,0,0.5014,1,0.0,-1,0,51.835,1.135,4,0.0,1.422,1,1,0,ASK
115,1779177702.979,2,0.7195,0.5792,999.0,34.992,33,0,0.4381,1,0.0,-1,0,4.69,34.863,1,0.0,37.12,1,1,0,IDLE
116,1779177703.541,0,0.6453,0.6389,999.0,3.249,164,0,0.4623,1,0.0,-1,0,23.233,3.105,4,0.0,36.129,1,1,0,ASK
116,1779177703.541,1,0.4977,0.7014,999.0,1.841,366,0,0.5014,1,0.0,-1,0,51.835,1.697,4,0.0,1.984,1,1,0,ASK
116,1779177703.541,2,0.7195,0.5792,999.0,35.553,33,0,0.4381,1,0.0,-1,0,4.69,35.425,1,0.0,37.681,1,1,0,IDLE
117,1779177704.116,0,0.6453,0.6389,999.0,3.824,164,0,0.4623,1,0.0,-1,0,23.233,3.68,4,0.0,36.704,1,1,0,ASK
117,1779177704.116,1,0.4977,0.7014,999.0,2.416,366,0,0.5014,1,0.0,-1,0,51.835,2.272,4,0.0,2.559,1,1,0,ASK
117,1779177704.116,2,0.7195,0.5792,999.0,36.128,33,0,0.4381,1,0.0,-1,0,4.69,36.0,1,0.0,38.256,1,1,0,IDLE
118,1779177704.676,0,0.6453,0.6389,999.0,4.385,164,0,0.4623,1,0.0,-1,0,23.233,4.24,4,0.0,37.264,1,1,0,ASK
118,1779177704.676,1,0.4977,0.7014,999.0,2.977,366,0,0.5014,1,0.0,-1,0,51.835,2.832,4,0.0,3.119,1,1,0,ASK
118,1779177704.676,2,0.7195,0.5792,999.0,36.689,33,0,0.4381,1,0.0,-1,0,4.69,36.56,1,0.0,38.816,1,1,0,IDLE
119,1779177705.253,0,0.6453,0.6389,999.0,4.961,164,0,0.4623,1,0.0,-1,0,23.233,4.817,4,0.0,37.84,1,1,0,ASK
119,1779177705.253,1,0.4977,0.7014,999.0,3.553,366,0,0.5014,1,0.0,-1,0,51.835,3.408,4,0.0,3.695,1,1,0,ASK
119,1779177705.253,2,0.7195,0.5792,999.0,37.265,33,0,0.4381,1,0.0,-1,0,4.69,37.137,1,0.0,39.393,1,1,0,IDLE
120,1779177705.813,0,0.6453,0.6389,999.0,5.521,164,0,0.4623,1,0.0,-1,0,23.233,5.377,4,0.0,38.4,1,1,0,ASK
120,1779177705.813,1,0.4977,0.7014,999.0,4.113,366,0,0.5014,1,0.0,-1,0,51.835,3.968,4,0.0,4.255,1,1,0,ASK
120,1779177705.813,2,0.7195,0.5792,999.0,37.825,33,0,0.4381,1,0.0,-1,0,4.69,37.696,1,0.0,39.953,1,1,0,IDLE
121,1779177706.384,0,0.6453,0.6389,999.0,6.092,164,0,0.4623,1,0.0,-1,0,23.233,5.948,4,0.0,38.971,1,1,0,ASK
121,1779177706.384,1,0.4977,0.7014,999.0,4.684,366,0,0.5014,1,0.0,-1,0,51.835,4.539,4,0.0,4.826,1,1,0,ASK
121,1779177706.384,2,0.7195,0.5792,999.0,38.396,33,0,0.4381,1,0.0,-1,0,4.69,38.268,1,0.0,40.524,1,1,0,IDLE
122,1779177706.947,0,0.6453,0.6389,999.0,6.655,164,0,0.4623,1,0.0,-1,0,23.233,6.511,4,0.0,39.534,1,1,0,ASK
122,1779177706.947,1,0.4977,0.7014,999.0,5.247,366,0,0.5014,1,0.0,-1,0,51.835,5.102,4,0.0,5.389,1,1,0,ASK
122,1779177706.947,2,0.7195,0.5792,999.0,38.959,33,0,0.4381,1,0.0,-1,0,4.69,38.831,1,0.0,41.087,1,1,0,IDLE
123,1779177707.509,0,0.6453,0.6389,999.0,7.217,164,0,0.4623,1,0.0,-1,0,23.233,7.073,4,0.0,40.096,1,1,0,ASK
123,1779177707.509,1,0.4977,0.7014,999.0,5.809,366,0,0.5014,1,0.0,-1,0,51.835,5.664,4,0.0,5.951,1,1,0,ASK
123,1779177707.509,2,0.7195,0.5792,999.0,39.521,33,0,0.4381,1,0.0,-1,0,4.69,39.392,1,0.0,41.649,1,1,0,IDLE
124,1779177708.084,0,0.6453,0.6389,999.0,7.792,164,0,0.4623,1,0.0,-1,0,23.233,7.648,4,0.0,40.671,1,1,0,ASK
124,1779177708.084,1,0.4977,0.7014,999.0,6.384,366,0,0.5014,1,0.0,-1,0,51.835,6.239,4,0.0,6.527,1,1,0,ASK
124,1779177708.084,2,0.7195,0.5792,999.0,40.096,33,0,0.4381,1,0.0,-1,0,4.69,39.968,1,0.0,42.224,1,1,0,IDLE
125,1779177708.641,0,0.6453,0.6389,999.0,8.349,164,0,0.4623,1,0.0,-1,0,23.233,8.204,4,0.0,41.228,1,1,0,ASK
125,1779177708.641,1,0.4977,0.7014,999.0,6.941,366,0,0.5014,1,0.0,-1,0,51.835,6.796,4,0.0,7.083,1,1,0,ASK
125,1779177708.641,2,0.7195,0.5792,999.0,40.653,33,0,0.4381,1,0.0,-1,0,4.69,40.524,1,0.0,42.781,1,1,0,IDLE
126,1779177709.22,0,0.6453,0.6389,999.0,8.928,164,0,0.4623,1,0.0,-1,0,23.233,8.784,4,0.0,41.807,1,1,0,ASK
126,1779177709.22,1,0.4977,0.7014,999.0,7.52,366,0,0.5014,1,0.0,-1,0,51.835,7.375,4,0.0,7.662,1,1,0,ASK
126,1779177709.22,2,0.7195,0.5792,999.0,41.232,33,0,0.4381,1,0.0,-1,0,4.69,41.103,1,0.0,43.36,1,1,0,IDLE
127,1779177709.78,0,0.6453,0.6389,999.0,9.489,164,0,0.4623,1,0.0,-1,0,23.233,9.344,4,0.0,42.368,1,1,0,ASK
127,1779177709.78,1,0.4977,0.7014,999.0,8.081,366,0,0.5014,1,0.0,-1,0,51.835,7.936,4,0.0,8.223,1,1,0,ASK
127,1779177709.78,2,0.7195,0.5792,999.0,41.793,33,0,0.4381,1,0.0,-1,0,4.69,41.664,1,0.0,43.921,1,1,0,IDLE
128,1779177710.337,0,0.6453,0.6389,999.0,10.045,164,0,0.4623,1,0.0,-1,0,23.233,9.901,4,0.0,42.925,1,1,0,ASK
128,1779177710.337,1,0.4977,0.7014,999.0,8.637,366,0,0.5014,1,0.0,-1,0,51.835,8.493,4,0.0,8.78,1,1,0,ASK
128,1779177710.337,2,0.7195,0.5792,999.0,42.349,33,0,0.4381,1,0.0,-1,0,4.69,42.221,1,0.0,44.477,1,1,0,IDLE
129,1779177710.914,0,0.6453,0.6389,999.0,10.622,164,0,0.4623,1,0.0,-1,0,23.233,10.478,4,0.0,43.501,1,1,0,IDLE
129,1779177710.914,1,0.4977,0.7014,999.0,9.214,366,0,0.5014,1,0.0,-1,0,51.835,9.069,4,0.0,9.356,1,1,0,ASK
129,1779177710.914,2,0.7195,0.5792,999.0,42.926,33,0,0.4381,1,0.0,-1,0,4.69,42.797,1,0.0,45.054,1,1,0,IDLE
130,1779177711.476,0,0.6453,0.6389,999.0,11.185,164,0,0.4623,1,0.0,-1,0,23.233,11.04,4,0.0,44.064,1,1,0,IDLE
130,1779177711.476,1,0.4977,0.7014,999.0,9.777,366,0,0.5014,1,0.0,-1,0,51.835,9.632,4,0.0,9.919,1,1,0,ASK
130,1779177711.476,2,0.7195,0.5792,999.0,43.488,33,0,0.4381,1,0.0,-1,0,4.69,43.36,1,0.0,45.616,1,1,0,IDLE
131,1779177712.05,0,0.6453,0.6389,0.2237,11.759,164,0,0.4623,1,0.0,1,0,23.233,11.614,4,0.0,44.638,1,1,0,IDLE
131,1779177712.05,1,0.4977,0.7014,0.0918,0.0,369,0,0.5014,1,0.0,1,1,52.266,10.206,4,0.0,10.493,1,1,0,WAIT
131,1779177712.05,2,0.7195,0.5792,0.2931,44.063,33,0,0.4381,1,0.0,1,0,4.69,43.934,1,0.0,46.191,1,1,0,IDLE
132,1779177712.612,0,0.6453,0.6389,0.2241,12.32,164,0,0.4623,1,0.0,1,0,23.233,12.176,4,0.0,45.199,1,1,0,IDLE
132,1779177712.612,1,0.4977,0.7014,0.0918,0.0,373,0,0.5014,1,0.0,1,1,52.828,10.767,4,0.0,11.054,1,1,0,WAIT
132,1779177712.612,2,0.7195,0.5792,0.2942,44.624,33,0,0.4381,1,0.0,1,0,4.69,44.496,1,0.0,46.752,1,1,0,IDLE
133,1779177713.189,0,0.6453,0.6389,0.2249,12.897,164,0,0.4623,1,0.0,1,0,23.233,12.753,4,0.0,45.776,1,1,0,IDLE
133,1779177713.189,1,0.4977,0.7014,0.0926,0.0,377,0,0.5014,1,0.0,1,1,53.405,11.344,4,0.0,11.631,1,1,0,WAIT
133,1779177713.189,2,0.7195,0.5792,0.295,45.201,33,0,0.4381,1,0.0,1,0,4.69,45.072,1,0.0,47.329,1,1,0,IDLE
134,1779177713.748,0,0.6453,0.6389,0.2249,13.456,164,0,0.4623,1,0.0,1,0,23.233,13.312,4,0.0,46.335,1,1,0,IDLE
134,1779177713.748,1,0.4977,0.7014,0.0926,0.0,381,0,0.5014,1,0.0,1,1,53.964,11.903,4,0.0,12.19,1,1,0,WAIT
134,1779177713.748,2,0.7195,0.5792,0.295,45.76,33,0,0.4381,1,0.0,1,0,4.69,45.631,1,0.0,47.888,1,1,0,IDLE
135,1779177714.309,0,0.6453,0.6389,0.2249,14.017,164,0,0.4623,1,0.0,1,0,23.233,13.873,4,0.0,46.896,1,1,0,IDLE
135,1779177714.309,1,0.4977,0.7014,0.0926,0.0,385,0,0.5014,1,0.0,1,1,54.525,12.464,4,0.0,12.752,1,1,0,WAIT
135,1779177714.309,2,0.7195,0.5792,0.295,46.321,33,0,0.4381,1,0.0,1,0,4.69,46.193,1,0.0,48.449,1,1,0,IDLE
136,1779177714.885,0,0.6453,0.6389,0.2249,14.593,164,0,0.4623,1,0.0,1,0,23.233,14.449,4,0.0,47.472,1,1,0,IDLE
136,1779177714.885,1,0.4977,0.7014,0.0926,0.0,389,0,0.5014,1,0.0,1,1,55.101,13.04,4,0.0,13.327,1,1,0,WAIT
136,1779177714.885,2,0.7195,0.5792,0.295,46.897,33,0,0.4381,1,0.0,1,0,4.69,46.768,1,0.0,49.025,1,1,0,IDLE
137,1779177715.445,0,0.6453,0.6389,0.2254,15.153,164,0,0.4623,1,0.0,1,0,23.233,15.009,4,0.0,48.032,1,1,0,IDLE
137,1779177715.445,1,0.4977,0.7014,0.0931,0.0,393,0,0.5014,1,0.0,1,1,55.661,13.6,4,0.0,13.887,1,1,0,WAIT
137,1779177715.445,2,0.7195,0.5792,0.2955,47.457,33,0,0.4381,1,0.0,1,0,4.69,47.329,1,0.0,49.585,1,1,0,IDLE
138,1779177716.021,0,0.6453,0.6389,0.2256,15.729,164,0,0.4623,1,0.0,1,0,23.233,15.585,4,0.0,48.608,1,1,0,IDLE
138,1779177716.021,1,0.4977,0.7014,0.0933,0.0,397,0,0.5014,1,0.0,1,1,56.237,14.176,4,0.0,14.463,1,1,0,WAIT
138,1779177716.021,2,0.7195,0.5792,0.2957,48.033,33,0,0.4381,1,0.0,1,0,4.69,47.904,1,0.0,50.161,1,1,0,IDLE
139,1779177716.58,0,0.6453,0.6389,0.2256,16.288,164,0,0.4623,1,0.0,1,0,23.233,16.144,4,0.0,49.168,1,1,0,IDLE
139,1779177716.58,1,0.4984,0.7014,0.094,0.0,401,0,0.5014,1,0.0,1,1,56.796,14.736,4,0.0,15.023,1,1,0,WAIT
139,1779177716.58,2,0.7195,0.5792,0.2957,48.592,33,0,0.4381,1,0.0,1,0,4.69,48.464,1,0.0,50.72,1,1,0,IDLE
140,1779177717.157,0,0.6469,0.6389,0.2256,16.865,164,0,0.4628,1,0.0,1,0,23.233,16.72,4,0.0,49.744,1,1,0,IDLE
140,1779177717.157,1,0.4992,0.7014,0.0933,0.0,405,0,0.5014,1,0.0,1,1,57.372,15.312,4,0.0,15.599,1,1,0,WAIT
140,1779177717.157,2,0.7211,0.5792,0.2957,49.169,33,0,0.4389,1,0.0,1,0,4.69,49.04,1,0.0,51.297,1,1,0,IDLE
141,1779177717.717,0,0.6469,0.6389,0.2263,17.425,164,0,0.4628,1,0.0,1,0,23.233,17.281,4,0.0,50.304,1,1,0,IDLE
141,1779177717.717,1,0.4992,0.7014,0.094,0.0,409,0,0.5014,1,0.0,1,1,57.933,15.872,4,0.0,16.159,1,1,0,WAIT
141,1779177717.717,2,0.7211,0.5792,0.2963,49.729,33,0,0.4389,1,0.0,1,0,4.69,49.6,1,0.0,51.857,1,1,0,IDLE
142,1779177718.276,0,0.6469,0.6389,0.2256,17.984,164,0,0.4628,1,0.0,1,0,23.233,17.84,4,0.0,50.864,1,1,0,IDLE
142,1779177718.276,1,0.4992,0.7014,0.0933,0.0,413,0,0.5014,1,0.0,1,1,58.492,16.432,4,0.0,16.719,1,1,0,WAIT
142,1779177718.276,2,0.7211,0.5792,0.2957,50.288,33,0,0.4389,1,0.0,1,0,4.69,50.16,1,0.0,52.416,1,1,0,IDLE
143,1779177718.852,0,0.6469,0.6389,0.2256,18.56,164,0,0.4628,1,0.0,1,0,23.233,18.415,4,0.0,51.439,1,1,0,IDLE
143,1779177718.852,1,0.4992,0.7014,0.0933,0.0,417,0,0.5014,1,0.0,1,1,59.067,17.007,4,0.0,17.294,1,1,0,WAIT
143,1779177718.852,2,0.7211,0.5792,0.2957,50.864,33,0,0.4389,1,0.0,1,0,4.69,50.735,1,0.0,52.992,1,1,0,IDLE
144,1779177719.412,0,0.6469,0.6389,0.2263,19.121,164,0,0.4628,1,0.0,1,0,23.233,18.976,4,0.0,52.0,1,1,0,IDLE
144,1779177719.412,1,0.4992,0.7014,0.094,0.0,421,0,0.5014,1,0.0,1,1,59.628,17.568,4,0.0,17.855,1,1,0,WAIT
144,1779177719.412,2,0.7211,0.5792,0.2963,51.425,33,0,0.4389,1,0.0,1,0,4.69,51.296,1,0.0,53.553,1,1,0,IDLE
145,1779177719.989,0,0.6469,0.6389,0.2256,19.697,164,0,0.4628,1,0.0,1,0,23.233,19.553,4,0.0,52.576,1,1,0,IDLE
145,1779177719.989,1,0.4992,0.7014,0.0933,0.0,425,0,0.5014,1,0.0,1,1,60.205,18.144,4,0.0,18.431,1,1,0,WAIT
145,1779177719.989,2,0.7211,0.5792,0.2957,52.001,33,0,0.4389,1,0.0,1,0,4.69,51.873,1,0.0,54.129,1,1,0,IDLE
146,1779177720.549,0,0.6469,0.6389,999.0,20.257,164,0,0.4628,1,0.0,-1,0,23.233,20.112,4,0.0,53.136,1,1,0,IDLE
146,1779177720.549,1,0.4992,0.7014,999.0,0.417,426,0,0.5014,1,0.0,-1,0,60.348,0.287,5,0.0,18.991,1,1,0,ASK
146,1779177720.549,2,0.7211,0.5792,999.0,52.561,33,0,0.4389,1,0.0,-1,0,4.69,52.432,1,0.0,54.689,1,1,0,IDLE
