scene_id,timestamp,cup_id,x,y,hand_distance,last_touched_time,touch_count,moved_recently,distance_to_tray,user_present,user_absent_time,label
0,1779169378.631,1,0.9766,0.7986,0.158,999.0,0,0,0.7651,1,0.0,CLEANUP_CANDIDATE
0,1779169378.631,2,0.0242,0.5083,0.6864,999.0,0,0,0.567,1,0.0,CLEANUP_CANDIDATE
1,1779169379.196,1,0.9773,0.7986,0.158,999.565,0,0,0.7656,1,0.0,CLEANUP_CANDIDATE
1,1779169379.196,2,0.0234,0.4875,0.69,999.565,0,1,0.5566,1,0.0,CLEANUP_CANDIDATE
2,1779169379.752,1,0.9766,0.7986,0.1573,1000.121,0,0,0.7651,1,0.0,CLEANUP_CANDIDATE
2,1779169379.752,2,0.0234,0.5083,0.6877,1000.121,0,0,0.5676,1,0.0,CLEANUP_CANDIDATE
3,1779169380.33,1,0.9766,0.8,0.1808,1000.699,0,0,0.7662,1,0.0,CLEANUP_CANDIDATE
3,1779169380.33,2,0.0242,0.5181,0.662,1000.699,0,0,0.5723,1,0.0,CLEANUP_CANDIDATE
4,1779169380.892,1,0.9766,0.7986,0.4326,1001.261,0,0,0.7651,1,0.0,CLEANUP_CANDIDATE
4,1779169380.892,2,0.0242,0.4972,0.4197,1001.261,0,0,0.561,1,0.0,CLEANUP_CANDIDATE
5,1779169381.468,1,0.9766,0.7986,999.0,1001.837,0,0,0.7651,1,0.149,CLEANUP_CANDIDATE
5,1779169381.468,2,0.0234,0.5181,999.0,1001.837,0,0,0.5729,1,0.149,CLEANUP_CANDIDATE
6,1779169382.028,1,0.2211,0.5681,999.0,1002.397,0,1,0.4618,1,0.43,CLEANUP_CANDIDATE
7,1779169382.587,1,0.6055,0.6319,999.0,1002.956,0,1,0.4446,1,0.989,CLEANUP_CANDIDATE
7,1779169382.587,2,0.8133,0.1389,999.0,1002.956,0,1,0.3192,1,0.989,CLEANUP_CANDIDATE
8,1779169383.165,1,0.557,0.2653,0.1536,1003.534,0,1,0.0867,1,0.0,CLEANUP_CANDIDATE
9,1779169383.724,1,0.5461,0.5708,0.1513,1004.092,0,0,0.3737,1,0.0,CLEANUP_CANDIDATE
9,1779169383.724,2,0.2883,0.9653,0.1453,1004.092,0,1,0.794,1,0.0,CLEANUP_CANDIDATE
10,1779169384.299,1,0.6328,0.5764,0.1499,1004.668,0,1,0.3991,1,0.0,CLEANUP_CANDIDATE
11,1779169384.861,0,0.8555,0.8208,0.2544,999.0,0,0,0.7154,1,0.0,CLEANUP_CANDIDATE
11,1779169384.861,1,0.7008,0.5569,0.1541,1005.23,0,0,0.4095,1,0.0,CLEANUP_CANDIDATE
11,1779169384.861,2,0.8438,0.1083,0.4009,1005.23,0,0,0.3558,1,0.0,CLEANUP_CANDIDATE
12,1779169385.435,1,0.7016,0.5569,0.153,1005.804,0,0,0.4099,1,0.0,CLEANUP_CANDIDATE
12,1779169385.435,2,0.8445,0.1083,0.4002,1005.804,0,0,0.3565,1,0.0,CLEANUP_CANDIDATE
13,1779169385.996,1,0.7031,0.5569,0.16,1006.365,0,0,0.4107,1,0.0,CLEANUP_CANDIDATE
13,1779169385.996,2,0.8469,0.1083,0.4027,1006.365,0,0,0.3588,1,0.0,CLEANUP_CANDIDATE
14,1779169386.556,1,0.7039,0.5389,0.1058,0.0,2,0,0.3955,1,0.0,WAIT
14,1779169386.556,2,0.8469,0.1069,0.3058,1006.925,0,0,0.3591,1,0.0,CLEANUP_CANDIDATE
15,1779169387.129,1,0.7016,0.5389,0.1644,0.432,3,0,0.3943,1,0.0,ASK
15,1779169387.129,2,0.8477,0.1083,0.3072,1007.498,0,0,0.3595,1,0.0,CLEANUP_CANDIDATE
16,1779169387.692,1,0.6992,0.6125,999.0,0.995,3,1,0.4581,1,0.563,ASK
16,1779169387.692,2,0.4414,0.3319,999.0,1008.061,0,1,0.1444,1,0.563,CLEANUP_CANDIDATE
17,1779169388.27,1,0.7031,0.5903,999.0,1.573,3,0,0.44,1,1.141,ASK
17,1779169388.27,2,0.5102,0.1486,999.0,1008.639,0,0,0.0524,1,1.141,CLEANUP_CANDIDATE
18,1779169388.828,1,0.7031,0.5931,999.0,2.131,3,0,0.4424,1,1.699,ASK
18,1779169388.828,2,0.5156,0.1458,999.0,1009.197,0,0,0.0564,1,1.699,CLEANUP_CANDIDATE
19,1779169389.403,1,0.7039,0.5958,999.0,2.707,3,0,0.4453,1,0.144,ASK
19,1779169389.403,2,0.8484,0.1083,999.0,1009.772,0,1,0.3603,1,0.144,CLEANUP_CANDIDATE
20,1779169389.964,1,0.7094,0.55,0.0433,0.0,6,0,0.4078,1,0.0,WAIT
20,1779169389.964,2,0.8578,0.1069,0.2694,1010.333,0,0,0.3697,1,0.0,CLEANUP_CANDIDATE
21,1779169390.524,1,0.7242,0.5139,0.0302,0.0,10,1,0.3857,1,0.0,WAIT
21,1779169390.524,2,0.8578,0.1069,0.2612,1010.893,0,0,0.3697,1,0.0,CLEANUP_CANDIDATE
22,1779169391.101,1,0.7063,0.4931,0.0375,0.0,14,0,0.3584,1,0.0,WAIT
22,1779169391.101,2,0.8578,0.1069,0.2678,1011.47,0,0,0.3697,1,0.0,CLEANUP_CANDIDATE
23,1779169391.661,1,0.6766,0.4958,0.0409,0.0,18,0,0.3445,1,0.0,WAIT
23,1779169391.661,2,0.8578,0.1069,0.2814,1012.03,0,0,0.3697,1,0.0,CLEANUP_CANDIDATE
24,1779169392.231,1,0.6781,0.5611,0.0289,0.0,22,1,0.4027,1,0.0,WAIT
24,1779169392.231,2,0.8578,0.1069,0.3009,1012.599,0,0,0.3697,1,0.0,CLEANUP_CANDIDATE
25,1779169392.795,1,0.6781,0.5611,999.0,0.565,22,0,0.4027,1,0.0,ASK
25,1779169392.795,2,0.8578,0.1069,999.0,1013.164,0,0,0.3697,1,0.0,CLEANUP_CANDIDATE
26,1779169393.366,1,0.6852,0.5625,0.4572,1.136,22,0,0.407,1,0.0,ASK
26,1779169393.366,2,0.8578,0.1069,0.699,1013.735,0,0,0.3697,1,0.0,CLEANUP_CANDIDATE
27,1779169393.932,1,0.6945,0.5625,999.0,1.701,22,0,0.4114,1,0.0,ASK
27,1779169393.932,2,0.8578,0.1069,999.0,1014.301,0,0,0.3697,1,0.0,CLEANUP_CANDIDATE
28,1779169394.491,1,0.6945,0.5611,0.4482,2.26,22,0,0.4102,1,0.0,ASK
28,1779169394.491,2,0.8578,0.1069,0.6701,1014.86,0,0,0.3697,1,0.0,CLEANUP_CANDIDATE
29,1779169395.063,1,0.6945,0.5625,0.423,2.832,22,0,0.4114,1,0.0,ASK
29,1779169395.063,2,0.8578,0.1069,0.6458,1015.432,0,0,0.3697,1,0.0,CLEANUP_CANDIDATE
30,1779169395.628,1,0.693,0.5611,999.0,3.397,22,0,0.4094,1,0.0,ASK
30,1779169395.628,2,0.8578,0.1069,999.0,1015.997,0,0,0.3697,1,0.0,CLEANUP_CANDIDATE
31,1779169396.2,1,0.6914,0.5625,0.0434,0.0,24,0,0.4099,1,0.0,WAIT
31,1779169396.2,2,0.8578,0.1069,0.2971,1016.569,0,0,0.3697,1,0.0,CLEANUP_CANDIDATE
32,1779169396.761,1,0.7031,0.4889,0.033,0.0,28,0,0.3532,1,0.0,WAIT
32,1779169396.761,2,0.8578,0.1069,0.2629,1017.13,0,0,0.3697,1,0.0,CLEANUP_CANDIDATE
33,1779169397.339,1,0.6734,0.3597,0.0348,0.0,32,0,0.2358,1,0.0,WAIT
33,1779169397.339,2,0.8578,0.1069,0.2278,1017.708,0,0,0.3697,1,0.0,CLEANUP_CANDIDATE
34,1779169397.899,1,0.6625,0.3347,0.0395,0.0,36,0,0.2111,1,0.0,WAIT
34,1779169397.899,2,0.8578,0.1069,0.2192,1018.268,0,0,0.3697,1,0.0,CLEANUP_CANDIDATE
35,1779169398.456,1,0.6625,0.3417,0.0424,0.0,40,0,0.2156,1,0.0,WAIT
35,1779169398.456,2,0.8578,0.1069,0.2288,1018.825,0,0,0.3697,1,0.0,CLEANUP_CANDIDATE
36,1779169399.031,1,0.6648,0.3528,0.0562,0.0,44,0,0.2248,1,0.0,WAIT
36,1779169399.031,2,0.8578,0.1069,0.2293,1019.4,0,0,0.3697,1,0.0,CLEANUP_CANDIDATE
37,1779169399.596,1,0.6742,0.3722,0.0409,0.0,48,0,0.245,1,0.0,WAIT
37,1779169399.596,2,0.8578,0.1069,0.2355,1019.965,0,0,0.3697,1,0.0,CLEANUP_CANDIDATE
38,1779169400.17,1,0.7023,0.4861,0.0423,0.0,52,0,0.3504,1,0.0,WAIT
38,1779169400.17,2,0.8578,0.1069,0.269,1020.539,0,0,0.3697,1,0.0,CLEANUP_CANDIDATE
39,1779169400.732,1,0.7063,0.4889,0.0417,0.0,56,0,0.355,1,0.0,WAIT
39,1779169400.732,2,0.8578,0.1069,0.2704,1021.101,0,0,0.3697,1,0.0,CLEANUP_CANDIDATE
40,1779169401.287,1,0.7055,0.5486,0.1006,0.0,60,0,0.4047,1,0.0,WAIT
40,1779169401.287,2,0.8578,0.1069,0.3545,1021.656,0,0,0.3697,1,0.0,CLEANUP_CANDIDATE
41,1779169401.868,1,0.7055,0.5486,0.0465,0.0,64,0,0.4047,1,0.0,WAIT
41,1779169401.868,2,0.8578,0.1069,0.2425,1022.237,0,0,0.3697,1,0.0,CLEANUP_CANDIDATE
42,1779169402.426,1,0.7055,0.5486,0.047,0.0,68,0,0.4047,1,0.0,WAIT
42,1779169402.426,2,0.8578,0.1069,0.242,1022.795,0,0,0.3697,1,0.0,CLEANUP_CANDIDATE
43,1779169403.004,1,0.7063,0.5486,0.1003,0.0,72,0,0.4051,1,0.0,WAIT
43,1779169403.004,2,0.8578,0.1069,0.3538,1023.372,0,0,0.3697,1,0.0,CLEANUP_CANDIDATE
44,1779169403.559,1,0.7063,0.5486,0.1006,0.0,76,0,0.4051,1,0.0,WAIT
44,1779169403.559,2,0.8578,0.1069,0.3542,1023.928,0,0,0.3697,1,0.0,CLEANUP_CANDIDATE
45,1779169404.14,1,0.7063,0.5486,0.1012,0.0,80,0,0.4051,1,0.0,WAIT
45,1779169404.14,2,0.8578,0.1069,0.3548,1024.509,0,0,0.3697,1,0.0,CLEANUP_CANDIDATE
46,1779169404.701,1,0.7063,0.5486,0.1006,0.0,84,0,0.4051,1,0.0,WAIT
46,1779169404.701,2,0.8578,0.1069,0.3542,1025.07,0,0,0.3697,1,0.0,CLEANUP_CANDIDATE
47,1779169405.262,1,0.707,0.5486,0.1006,0.0,88,0,0.4055,1,0.0,WAIT
47,1779169405.262,2,0.8578,0.1069,0.3538,1025.631,0,0,0.3697,1,0.0,CLEANUP_CANDIDATE
48,1779169405.836,1,0.7063,0.5486,0.1006,0.0,92,0,0.4051,1,0.0,WAIT
48,1779169405.836,2,0.8578,0.1069,0.3542,1026.205,0,0,0.3697,1,0.0,CLEANUP_CANDIDATE
49,1779169406.395,1,0.707,0.5486,0.1006,0.0,96,0,0.4055,1,0.0,WAIT
49,1779169406.395,2,0.8578,0.1069,0.3538,1026.764,0,0,0.3697,1,0.0,CLEANUP_CANDIDATE
50,1779169406.97,1,0.7063,0.5486,0.1003,0.0,100,0,0.4051,1,0.0,WAIT
50,1779169406.97,2,0.8578,0.1069,0.3538,1027.339,0,0,0.3697,1,0.0,CLEANUP_CANDIDATE
51,1779169407.533,1,0.707,0.5486,0.0985,0.0,104,0,0.4055,1,0.0,WAIT
51,1779169407.533,2,0.8578,0.1069,0.3517,1027.902,0,0,0.3697,1,0.0,CLEANUP_CANDIDATE
52,1779169408.105,1,0.707,0.5486,0.0982,0.0,108,0,0.4055,1,0.0,WAIT
52,1779169408.105,2,0.8586,0.1069,0.3518,1028.474,0,0,0.3705,1,0.0,CLEANUP_CANDIDATE
53,1779169408.667,1,0.707,0.5486,0.0982,0.0,112,0,0.4055,1,0.0,WAIT
53,1779169408.667,2,0.8586,0.1069,0.3518,1029.036,0,0,0.3705,1,0.0,CLEANUP_CANDIDATE
54,1779169409.227,1,0.7055,0.5431,0.0443,0.0,116,0,0.3999,1,0.0,WAIT
54,1779169409.227,2,0.8578,0.1069,0.2392,1029.596,0,0,0.3697,1,0.0,CLEANUP_CANDIDATE
55,1779169409.801,1,0.7203,0.4847,0.0284,0.0,120,1,0.36,1,0.0,WAIT
55,1779169409.801,2,0.8586,0.1069,0.2489,1030.17,0,0,0.3705,1,0.0,CLEANUP_CANDIDATE
56,1779169410.362,1,0.6883,0.4028,0.0369,0.0,124,1,0.2767,1,0.0,WAIT
56,1779169410.362,2,0.8586,0.1069,0.2369,1030.731,0,0,0.3705,1,0.0,CLEANUP_CANDIDATE
57,1779169410.939,1,0.5555,0.2292,0.0305,0.0,127,1,0.0627,1,0.0,WAIT
57,1779169410.939,2,0.8578,0.1069,0.2464,1031.308,0,0,0.3697,1,0.0,CLEANUP_CANDIDATE
58,1779169411.499,1,0.5414,0.2083,0.0253,0.0,131,1,0.0422,1,0.0,WAIT
58,1779169411.499,2,0.8586,0.1069,0.2623,1031.868,0,0,0.3705,1,0.0,CLEANUP_CANDIDATE
59,1779169412.075,1,0.593,0.2917,0.0347,0.0,135,0,0.1306,1,0.0,WAIT
59,1779169412.075,2,0.8578,0.1069,0.2621,1032.444,0,0,0.3697,1,0.0,CLEANUP_CANDIDATE
60,1779169412.636,1,0.5914,0.2875,0.0356,0.0,139,0,0.1265,1,0.0,WAIT
60,1779169412.636,2,0.8578,0.1069,0.2642,1033.005,0,0,0.3697,1,0.0,CLEANUP_CANDIDATE
61,1779169413.197,1,0.5898,0.2847,0.0352,0.0,143,0,0.1235,1,0.0,WAIT
61,1779169413.197,2,0.8586,0.1069,0.2661,1033.566,0,0,0.3705,1,0.0,CLEANUP_CANDIDATE
62,1779169413.772,1,0.5898,0.2847,0.0347,0.0,147,0,0.1235,1,0.0,WAIT
62,1779169413.772,2,0.8586,0.1069,0.2654,1034.141,0,0,0.3705,1,0.0,CLEANUP_CANDIDATE
63,1779169414.332,1,0.5898,0.2889,0.0357,0.0,151,0,0.1264,1,0.0,WAIT
63,1779169414.332,2,0.8578,0.1069,0.2649,1034.701,0,0,0.3697,1,0.0,CLEANUP_CANDIDATE
64,1779169414.909,1,0.5914,0.2903,0.0352,0.0,155,0,0.1285,1,0.0,WAIT
64,1779169414.909,2,0.8586,0.1069,0.2637,1035.278,0,0,0.3705,1,0.0,CLEANUP_CANDIDATE
65,1779169415.469,1,0.6813,0.3986,999.0,0.288,157,0,0.2689,1,0.0,ASK
65,1779169415.469,2,0.8586,0.1069,999.0,1035.838,0,0,0.3705,1,0.0,CLEANUP_CANDIDATE
66,1779169416.043,1,0.7063,0.4861,0.0425,0.0,161,0,0.3527,1,0.0,WAIT
66,1779169416.043,2,0.8586,0.1069,0.2679,1036.412,0,0,0.3705,1,0.0,CLEANUP_CANDIDATE
67,1779169416.603,1,0.707,0.4861,0.0443,0.0,165,0,0.3532,1,0.0,WAIT
67,1779169416.603,2,0.8586,0.1069,0.2698,1036.972,0,0,0.3705,1,0.0,CLEANUP_CANDIDATE
68,1779169417.164,1,0.707,0.4847,0.0454,0.0,169,0,0.352,1,0.0,WAIT
68,1779169417.164,2,0.8578,0.1069,0.2697,1037.533,0,0,0.3697,1,0.0,CLEANUP_CANDIDATE
69,1779169417.739,1,0.707,0.4847,0.0454,0.0,173,0,0.352,1,0.0,WAIT
69,1779169417.739,2,0.8578,0.1069,0.2697,1038.108,0,0,0.3697,1,0.0,CLEANUP_CANDIDATE
70,1779169418.301,1,0.7109,0.4903,0.0462,0.0,177,0,0.3588,1,0.0,WAIT
70,1779169418.301,2,0.8578,0.1069,0.2726,1038.67,0,0,0.3697,1,0.0,CLEANUP_CANDIDATE
71,1779169418.87,1,0.7109,0.5472,0.075,0.0,180,0,0.4063,1,0.0,WAIT
71,1779169418.87,2,0.8578,0.1069,0.1795,1039.239,0,0,0.3697,1,0.0,CLEANUP_CANDIDATE
72,1779169419.436,1,0.7078,0.5597,0.0516,0.0,184,0,0.4154,1,0.0,WAIT
72,1779169419.436,2,0.8586,0.1069,0.2065,1039.805,0,0,0.3705,1,0.0,CLEANUP_CANDIDATE
73,1779169419.996,1,0.7164,0.5597,0.0452,0.0,188,0,0.4198,1,0.0,WAIT
73,1779169419.996,2,0.8586,0.1069,0.21,1040.365,0,0,0.3705,1,0.0,CLEANUP_CANDIDATE
74,1779169420.572,1,0.7078,0.5611,0.0481,0.0,192,0,0.4166,1,0.0,WAIT
74,1779169420.572,2,0.8578,0.1069,0.2102,1040.941,0,0,0.3697,1,0.0,CLEANUP_CANDIDATE
75,1779169421.127,1,0.7172,0.5597,0.0452,0.0,196,0,0.4202,1,0.0,WAIT
75,1779169421.127,2,0.8586,0.1069,0.2096,1041.496,0,0,0.3705,1,0.0,CLEANUP_CANDIDATE
76,1779169421.707,1,0.7078,0.5597,0.0507,0.0,200,0,0.4154,1,0.0,WAIT
76,1779169421.707,2,0.8586,0.1069,0.2073,1042.076,0,0,0.3705,1,0.0,CLEANUP_CANDIDATE
77,1779169422.268,1,0.7078,0.5597,0.0475,0.0,204,0,0.4154,1,0.0,WAIT
77,1779169422.268,2,0.8578,0.1069,0.2102,1042.637,0,0,0.3697,1,0.0,CLEANUP_CANDIDATE
78,1779169422.844,1,0.7086,0.5597,0.0481,0.0,208,0,0.4158,1,0.0,WAIT
78,1779169422.844,2,0.8586,0.1069,0.2096,1043.213,0,0,0.3705,1,0.0,CLEANUP_CANDIDATE
79,1779169423.403,1,0.7078,0.5597,0.0478,0.0,212,0,0.4154,1,0.0,WAIT
79,1779169423.403,2,0.8586,0.1069,0.2102,1043.772,0,0,0.3705,1,0.0,CLEANUP_CANDIDATE
80,1779169423.964,1,0.7086,0.5597,0.0478,0.0,216,0,0.4158,1,0.0,WAIT
80,1779169423.964,2,0.8578,0.1069,0.2096,1044.333,0,0,0.3697,1,0.0,CLEANUP_CANDIDATE
81,1779169424.541,1,0.7063,0.5458,0.1133,0.0,220,0,0.4027,1,0.0,WAIT
81,1779169424.541,2,0.8586,0.1069,0.1902,1044.91,0,0,0.3705,1,0.0,CLEANUP_CANDIDATE
82,1779169425.099,1,0.7063,0.5444,999.0,0.558,220,0,0.4015,1,0.0,ASK
82,1779169425.099,2,0.8586,0.1069,999.0,1045.468,0,0,0.3705,1,0.0,CLEANUP_CANDIDATE
83,1779169425.675,1,0.7063,0.5458,999.0,1.134,220,0,0.4027,1,0.0,ASK
83,1779169425.675,2,0.8586,0.1069,999.0,1046.044,0,0,0.3705,1,0.0,CLEANUP_CANDIDATE
84,1779169426.236,1,0.7063,0.5458,999.0,1.695,220,0,0.4027,1,0.0,ASK
84,1779169426.236,2,0.8586,0.1069,999.0,1046.605,0,0,0.3705,1,0.0,CLEANUP_CANDIDATE
85,1779169426.811,1,0.7063,0.5444,999.0,2.27,220,0,0.4015,1,0.0,ASK
85,1779169426.811,2,0.8586,0.1069,999.0,1047.18,0,0,0.3705,1,0.0,CLEANUP_CANDIDATE
86,1779169427.371,1,0.7063,0.5458,999.0,2.83,220,0,0.4027,1,0.0,ASK
86,1779169427.371,2,0.8586,0.1069,999.0,1047.74,0,0,0.3705,1,0.0,CLEANUP_CANDIDATE
87,1779169427.931,1,0.7063,0.5458,999.0,3.39,220,0,0.4027,1,0.0,ASK
87,1779169427.931,2,0.8578,0.1069,999.0,1048.3,0,0,0.3697,1,0.0,CLEANUP_CANDIDATE
88,1779169428.508,1,0.7063,0.5458,999.0,3.967,220,0,0.4027,1,0.0,ASK
88,1779169428.508,2,0.8586,0.1069,999.0,1048.876,0,0,0.3705,1,0.0,CLEANUP_CANDIDATE
89,1779169429.067,1,0.7063,0.5444,999.0,4.526,220,0,0.4015,1,0.0,ASK
89,1779169429.067,2,0.8586,0.1069,999.0,1049.436,0,0,0.3705,1,0.0,CLEANUP_CANDIDATE
90,1779169429.644,1,0.7063,0.5458,999.0,5.103,220,0,0.4027,1,0.0,ASK
90,1779169429.644,2,0.8586,0.1069,999.0,1050.013,0,0,0.3705,1,0.0,CLEANUP_CANDIDATE
91,1779169430.202,1,0.7063,0.5444,999.0,5.661,220,0,0.4015,1,0.0,ASK
91,1779169430.202,2,0.8586,0.1069,999.0,1050.571,0,0,0.3705,1,0.0,CLEANUP_CANDIDATE
92,1779169430.78,1,0.7063,0.5444,999.0,6.239,220,0,0.4015,1,0.0,ASK
92,1779169430.78,2,0.8578,0.1069,999.0,1051.149,0,0,0.3697,1,0.0,CLEANUP_CANDIDATE
93,1779169431.341,1,0.7063,0.5458,999.0,6.8,220,0,0.4027,1,0.0,ASK
93,1779169431.341,2,0.8586,0.1069,999.0,1051.71,0,0,0.3705,1,0.0,CLEANUP_CANDIDATE
94,1779169431.899,1,0.7063,0.5458,999.0,7.358,220,0,0.4027,1,0.0,ASK
94,1779169431.899,2,0.8586,0.1069,999.0,1052.268,0,0,0.3705,1,0.0,CLEANUP_CANDIDATE
95,1779169432.476,1,0.7063,0.5458,999.0,7.935,220,0,0.4027,1,0.0,ASK
95,1779169432.476,2,0.8586,0.1069,999.0,1052.845,0,0,0.3705,1,0.0,CLEANUP_CANDIDATE
96,1779169433.036,1,0.7063,0.5458,0.1406,0.149,221,0,0.4027,1,0.0,ASK
96,1779169433.036,2,0.8586,0.1069,0.2585,1053.405,0,0,0.3705,1,0.0,CLEANUP_CANDIDATE
97,1779169433.612,1,0.7055,0.5056,0.0375,0.0,224,0,0.3682,1,0.0,WAIT
97,1779169433.612,2,0.8586,0.1069,0.2741,1053.981,0,0,0.3705,1,0.0,CLEANUP_CANDIDATE
98,1779169434.168,1,0.65,0.3847,0.0293,0.0,228,0,0.238,1,0.0,WAIT
98,1779169434.168,2,0.8586,0.1069,0.2448,1054.537,0,0,0.3705,1,0.0,CLEANUP_CANDIDATE
99,1779169434.747,1,0.5992,0.3028,0.0274,0.0,232,1,0.1429,1,0.0,WAIT
99,1779169434.747,2,0.8578,0.1069,0.2464,1055.116,0,0,0.3697,1,0.0,CLEANUP_CANDIDATE
100,1779169435.307,1,0.5453,0.2556,0.0255,0.0,236,0,0.0717,1,0.0,WAIT
100,1779169435.307,2,0.8578,0.1069,0.2705,1055.676,0,0,0.3697,1,0.0,CLEANUP_CANDIDATE
101,1779169435.867,1,0.5469,0.2514,0.0277,0.0,240,0,0.0696,1,0.0,WAIT
101,1779169435.867,2,0.8578,0.1069,0.2703,1056.236,0,0,0.3697,1,0.0,CLEANUP_CANDIDATE
102,1779169436.444,1,0.5602,0.2597,0.0238,0.0,244,0,0.0848,1,0.0,WAIT
102,1779169436.444,2,0.8578,0.1069,0.2649,1056.813,0,0,0.3697,1,0.0,CLEANUP_CANDIDATE
103,1779169437.004,1,0.6516,0.3986,0.0341,0.0,248,1,0.2498,1,0.0,WAIT
103,1779169437.004,2,0.8578,0.1069,0.2567,1057.373,0,0,0.3697,1,0.0,CLEANUP_CANDIDATE
104,1779169437.58,1,0.6781,0.5,0.035,0.0,252,0,0.3489,1,0.0,WAIT
104,1779169437.58,2,0.8578,0.1069,0.2826,1057.949,0,0,0.3697,1,0.0,CLEANUP_CANDIDATE
105,1779169438.141,1,0.6789,0.4931,0.0446,0.0,256,0,0.3433,1,0.0,WAIT
105,1779169438.141,2,0.8586,0.1069,0.2899,1058.51,0,0,0.3705,1,0.0,CLEANUP_CANDIDATE
106,1779169438.699,1,0.6719,0.5569,0.0701,0.0,260,0,0.3962,1,0.0,WAIT
106,1779169438.699,2,0.8586,0.1069,0.3375,1059.068,0,0,0.3705,1,0.0,CLEANUP_CANDIDATE
107,1779169439.275,1,0.6719,0.5583,0.0695,0.0,264,0,0.3974,1,0.0,WAIT
107,1779169439.275,2,0.8586,0.1069,0.337,1059.644,0,0,0.3705,1,0.0,CLEANUP_CANDIDATE
108,1779169439.836,1,0.6719,0.5569,0.0698,0.0,268,0,0.3962,1,0.0,WAIT
108,1779169439.836,2,0.8578,0.1069,0.3365,1060.205,0,0,0.3697,1,0.0,CLEANUP_CANDIDATE
109,1779169440.413,1,0.6719,0.5569,0.0704,0.0,272,0,0.3962,1,0.0,WAIT
109,1779169440.413,2,0.8578,0.1069,0.337,1060.782,0,0,0.3697,1,0.0,CLEANUP_CANDIDATE
110,1779169440.973,1,0.6789,0.5417,0.074,0.0,276,0,0.3857,1,0.0,WAIT
110,1779169440.973,2,0.8586,0.1069,0.3295,1061.342,0,0,0.3705,1,0.0,CLEANUP_CANDIDATE
111,1779169441.546,1,0.6656,0.5389,0.068,0.0,280,0,0.3772,1,0.0,WAIT
111,1779169441.546,2,0.8586,0.1069,0.3293,1061.915,0,0,0.3705,1,0.0,CLEANUP_CANDIDATE
112,1779169442.109,1,0.6789,0.5389,0.1129,0.0,284,0,0.3832,1,0.0,WAIT
112,1779169442.109,2,0.8586,0.1069,0.3521,1062.478,0,0,0.3705,1,0.0,CLEANUP_CANDIDATE
113,1779169442.668,1,0.6789,0.5403,0.3577,0.559,284,0,0.3844,1,0.0,ASK
113,1779169442.668,2,0.8586,0.1069,0.571,1063.036,0,0,0.3705,1,0.0,CLEANUP_CANDIDATE
114,1779169443.24,1,0.6789,0.5389,999.0,1.132,284,0,0.3832,1,0.431,ASK
114,1779169443.24,2,0.8586,0.1069,999.0,1063.609,0,0,0.3705,1,0.431,CLEANUP_CANDIDATE
115,1779169443.803,1,0.6789,0.5361,999.0,1.695,284,0,0.3808,1,0.994,ASK
115,1779169443.803,2,0.0328,0.7125,999.0,1064.172,0,1,0.6935,1,0.994,CLEANUP_CANDIDATE
116,1779169444.381,1,0.6789,0.5375,999.0,2.272,284,0,0.382,1,1.572,ASK
116,1779169444.381,2,0.8586,0.1069,999.0,1064.75,0,0,0.3705,1,1.572,CLEANUP_CANDIDATE
117,1779169444.94,1,0.6789,0.5361,999.0,2.831,284,0,0.3808,1,2.131,ASK
117,1779169444.94,2,0.8586,0.1069,999.0,1065.309,0,0,0.3705,1,2.131,CLEANUP_CANDIDATE
118,1779169445.51,1,0.6789,0.5375,999.0,3.402,284,0,0.382,1,2.701,ASK
118,1779169445.51,2,0.8578,0.1069,999.0,1065.879,0,0,0.3697,1,2.701,CLEANUP_CANDIDATE
119,1779169446.076,1,0.6789,0.5375,999.0,3.967,284,0,0.382,1,3.267,ASK
119,1779169446.076,2,0.8578,0.1069,999.0,1066.445,0,0,0.3697,1,3.267,CLEANUP_CANDIDATE
120,1779169446.635,1,0.6789,0.5375,999.0,4.527,284,0,0.382,1,3.826,ASK
120,1779169446.635,2,0.8586,0.1069,999.0,1067.004,0,0,0.3705,1,3.826,CLEANUP_CANDIDATE
121,1779169447.212,1,0.6789,0.5375,999.0,5.103,284,0,0.382,1,4.403,ASK
121,1779169447.212,2,0.8586,0.1069,999.0,1067.581,0,0,0.3705,1,4.403,CLEANUP_CANDIDATE
122,1779169447.771,1,0.6789,0.5375,999.0,5.662,284,0,0.382,1,4.962,ASK
122,1779169447.771,2,0.8586,0.1069,999.0,1068.14,0,0,0.3705,1,4.962,CLEANUP_CANDIDATE
123,1779169448.348,1,0.6789,0.5375,999.0,6.239,284,0,0.382,1,5.539,ASK
123,1779169448.348,2,0.8586,0.1069,999.0,1068.717,0,0,0.3705,1,5.539,CLEANUP_CANDIDATE
124,1779169448.909,1,0.6789,0.5375,999.0,6.8,284,0,0.382,1,6.1,ASK
124,1779169448.909,2,0.8586,0.1069,999.0,1069.278,0,0,0.3705,1,6.1,CLEANUP_CANDIDATE
125,1779169449.484,1,0.6789,0.5375,999.0,7.375,284,0,0.382,1,6.675,ASK
125,1779169449.484,2,0.8578,0.1069,999.0,1069.853,0,0,0.3697,1,6.675,CLEANUP_CANDIDATE
126,1779169450.039,1,0.6789,0.5375,999.0,7.93,284,0,0.382,1,7.23,ASK
126,1779169450.039,2,0.8586,0.1069,999.0,1070.408,0,0,0.3705,1,7.23,CLEANUP_CANDIDATE
127,1779169450.603,1,0.6789,0.5375,999.0,8.494,284,0,0.382,1,7.794,ASK
127,1779169450.603,2,0.8578,0.1069,999.0,1070.972,0,0,0.3697,1,7.794,CLEANUP_CANDIDATE
128,1779169451.182,1,0.6789,0.5375,999.0,9.074,284,0,0.382,1,8.373,ASK
128,1779169451.182,2,0.8586,0.1069,999.0,1071.551,0,0,0.3705,1,8.373,CLEANUP_CANDIDATE
129,1779169451.741,1,0.6789,0.5375,999.0,9.632,284,0,0.382,1,8.931,ASK
129,1779169451.741,2,0.8586,0.1069,999.0,1072.109,0,0,0.3705,1,8.931,CLEANUP_CANDIDATE
130,1779169452.315,1,0.6789,0.5375,999.0,10.206,284,0,0.382,1,9.506,ASK
130,1779169452.315,2,0.8578,0.1069,999.0,1072.684,0,0,0.3697,1,9.506,CLEANUP_CANDIDATE
131,1779169452.877,1,0.6789,0.5375,0.1902,10.768,284,0,0.382,1,0.0,ASK
131,1779169452.877,2,0.8586,0.1069,0.4201,1073.246,0,0,0.3705,1,0.0,CLEANUP_CANDIDATE
132,1779169453.452,1,0.6781,0.5403,0.112,0.0,287,0,0.3841,1,0.0,WAIT
132,1779169453.452,2,0.8586,0.1069,0.3761,1073.821,0,1,0.3705,1,0.0,CLEANUP_CANDIDATE
133,1779169454.012,1,0.6781,0.5403,0.112,0.0,291,0,0.3841,1,0.0,WAIT
133,1779169454.012,2,0.8586,0.1069,0.3761,1074.381,0,0,0.3705,1,0.0,CLEANUP_CANDIDATE
